Rank,Title,Band,Country,Year,Compilation,Live,YearRank,DecadeRank,OverallRank,RankScore,AvgRating,NumRatings,AlbumID
1,To Pimp A Butterfly,Kendrick Lamar,us,2015,No,No,1,1,23,41264,89.663078308,1926,77758
2,My Beautiful Dark Twisted Fantasy,Kanye West,us,2010,No,No,1,2,34,32562,84.707931519,2057,12555
3,+ACI-Good Kid, M.A.A.D City+ACI-,Kendrick Lamar,us,2012,No,No,1,3,39,30586,88.230392456,1761,31103
4,The Suburbs,Arcade Fire,un,2010,No,No,2,4,41,29576,84.59677124,2506,11127
5,Lonerism,Tame Impala,au,2012,No,No,2,5,66,22215,85.049057007,1706,30179
6,Carrie +ACY- Lowell,Sufjan Stevens,us,2015,No,No,2,6,77,19826,86.370429993,1292,77287
7,A Moon Shaped Pool,Radiohead,uk,2016,No,No,1,7,84,18862,87.322975159,1864,97640
8,Blonde,Frank Ocean,us,2016,No,No,2,8,114,14871,83.949378967,924,101825
9,Modern Vampires Of The City,Vampire Weekend,us,2013,No,No,1,9,123,14234,82.293838501,1249,40623
10,High Violet,The National,us,2010,No,No,3,10,128,13798,81.729293823,1203,10071
11,+//3//f/9- (Blackstar),David Bowie,uk,2016,No,No,3,11,132,13410,85.679077148,1440,91441
12,Teen Dream,Beach House,us,2010,No,No,4,12,147,12212,82.591293335,1138,8654
13,Channel Orange,Frank Ocean,us,2012,No,No,3,13,157,11721,81.674919128,1137,27926
14,Currents,Tame Impala,au,2015,No,No,3,14,161,11440,81.460708618,1233,83014
15,Helplessness Blues,Fleet Foxes,us,2011,No,No,1,15,162,11217,81.778022766,1206,15715
16,Bon Iver,Bon Iver,us,2011,No,No,2,16,165,11164,80.189918518,1240,15977
17,Lost In The Dream,The War On Drugs,us,2014,No,No,1,17,168,11103,82.136421204,1036,57911
18,This Is Happening,LCD Soundsystem,us,2010,No,No,5,18,187,10069,82.39390564,1026,10213
19,AM,Arctic Monkeys,uk,2013,No,No,2,19,195,9502,77.077880859,1376,46565
20,Reflektor,Arcade Fire,un,2013,No,No,3,20,197,9399,79.306488037,1452,47833
21,Yeezus,Kanye West,us,2013,No,No,4,21,198,9395,77.518783569,1236,42510
22,...Like Clockwork,Queens Of The Stone Age,us,2013,No,No,5,22,207,9213,82.708099365,1029,40624
23,Bloom,Beach House,us,2012,No,No,4,23,208,9179,81.509086609,1022,23435
24,Teens Of Denial,Car Seat Headrest,us,2016,No,No,4,24,210,9094,82.891136169,734,97304
25,The Money Store,Death Grips,us,2012,No,No,5,25,216,9031,82.295280457,851,24616
26,An Awesome Wave,alt+AC0-J,uk,2012,No,No,6,26,219,8922,78.13130188,924,27384
27,Random Access Memories,Daft Punk,fr,2013,No,No,6,27,223,8771,79.442207336,1284,40834
28,To Be Kind,Swans,us,2014,No,No,2,28,247,8053,82.183235168,782,58788
29,Halcyon Digest,Deerhunter,us,2010,No,No,6,29,249,8007,82.095657349,831,12080
30,Plastic Beach,Gorillaz,uk,2010,No,No,7,30,257,7738,79.201698303,1108,9379
31,The Smile Sessions,The Beach Boys,us,2011,No,No,3,31,266,7506,85.768638611,738,6368
32,+ACI-I Love You, Honeybear+ACI-,Father John Misty,us,2015,No,No,4,32,277,7220,80.438316345,821,74021
33,Trouble Will Find Me,The National,us,2013,No,No,7,33,284,6914,79.567550659,865,40749
34,Damn.,Kendrick Lamar,us,2017,No,No,1,34,295,6740,80.071372986,1104,113818
35,Let England Shake,PJ Harvey,uk,2011,No,No,4,35,298,6710,80.180198669,859,14096
36,Brothers,The Black Keys,us,2010,No,No,8,36,310,6351,78.60193634,1159,10485
37,Atrocity Exhibition,Danny Brown,us,2016,No,No,5,37,314,6326,83.019348145,606,102738
38,The Age Of Adz,Sufjan Stevens,us,2010,No,No,9,38,320,6231,80.132286072,745,12333
39,The Idler Wheel Is Wiser Than The Driver Of The Screw And Whipping Cords Will Serve You More Than Ropes Will Ever Do,Fiona Apple,us,2012,No,No,7,39,321,6135,80.99797821,673,26615
40,The King Of Limbs,Radiohead,uk,2011,No,No,5,40,327,6023,75.670639038,1865,14352
41,Twin Fantasy (Face To Face),Car Seat Headrest,us,2018,No,No,1,41,333,5941,81.780418396,717,130483
42,Benji,Sun Kil Moon,us,2014,No,No,3,42,338,5889,79.807350159,723,55496
43,Melodrama,Lorde,nz,2017,No,No,2,43,340,5880,80.809753418,668,114438
44,Igor,+ACI-Tyler, The Creator+ACI-,us,2019,No,No,1,44,346,5818,83.079360962,615,153328
45,Innerspeaker,Tame Impala,au,2010,No,No,10,45,350,5709,80.657516479,959,10547
46,El Camino,The Black Keys,us,2011,No,No,6,46,358,5545,78.088729858,988,20172
47,Flower Boy,+ACI-Tyler, The Creator+ACI-,us,2017,No,No,3,47,367,5390,83.672111511,680,118833
48,Have One On Me,Joanna Newsom,us,2010,No,No,11,48,374,5274,81.313560486,457,9258
49,Norman Fucking Rockwell+ACE-,Lana Del Rey,us,2019,No,No,2,49,381,5130,82.793067932,536,157193
50,Run The Jewels 2,Run The Jewels,us,2014,No,No,4,50,386,5100,81.8670578,701,69174
51,Contra,Vampire Weekend,us,2010,No,No,12,51,390,5074,77.038566589,1021,8354
52,Titanic Rising,Weyes Blood,us,2019,No,No,3,52,394,5022,81.96912384,590,149404
53,Kids See Ghosts,Kids See Ghosts,us,2018,No,No,2,53,397,5009,81.705429077,724,136585
54,+ACI-22, A Million+ACI-,Bon Iver,us,2016,No,No,6,54,409,4843,78.147071838,630,101253
55,The Seer,Swans,us,2012,No,No,8,55,411,4831,81.305168152,596,29593
56,Art Angels,Grimes,ca,2015,No,No,5,56,415,4772,78.796882629,568,88732
57,Born To Die,Lana Del Rey,us,2012,No,No,9,57,428,4604,71.82359314,748,22594
58,Skeleton Tree,Nick Cave +ACY- The Bad Seeds,au,2016,No,No,7,58,431,4595,82.858055115,594,102578
59,The Life Of Pablo,Kanye West,us,2016,No,No,8,59,434,4543,75.278999329,867,94187
60,A Deeper Understanding,The War On Drugs,us,2017,No,No,4,60,435,4534,81.148719788,529,116539
61,Salad Days,Mac DeMarco,ca,2014,No,No,5,61,442,4426,79.80683136,743,55952
62,Kaputt,Destroyer,ca,2011,No,No,7,62,450,4376,79.326515198,538,13884
63,St. Vincent,St. Vincent,us,2014,No,No,6,63,459,4283,79.202552795,730,56062
64,The ArchAndroid,Janelle Monae,us,2010,No,No,13,64,463,4215,80.45526886,549,10576
65,+ACI-Hurry Up, We're Dreaming+ACI-,M83,fr,2011,No,No,8,65,476,4081,77.449203491,588,19045
66,Sunbather,Deafheaven,us,2013,No,No,8,66,479,4065,78.416976929,510,41744
67,+ACI-Sometimes I Sit And Think, And Sometimes I Just Sit+ACI-,Courtney Barnett,au,2015,No,No,6,67,481,4049,78.839958191,628,75424
68,21,Adele,uk,2011,No,No,9,68,503,3872,72.017929077,832,14449
69,Black Messiah,D'Angelo And The Vanguard,us,2014,No,No,7,69,508,3822,81.555084229,439,72458
70,Wasting Light,Foo Fighters,us,2011,No,No,10,70,518,3734,76.521224976,718,15342
71,Lemonade,Beyonce,us,2016,No,No,9,71,534,3613,77.519538879,527,97211
72,You Won't Get What You Want,Daughters,us,2018,No,No,3,72,535,3598,81.296951294,401,139067
73,Visions,Grimes,ca,2012,No,No,10,73,545,3525,76.981201172,657,22850
74,We Got It From Here... Thank You 4 Your Service,A Tribe Called Quest,us,2016,No,No,10,74,547,3487,82.449668884,494,105438
75,2,Mac DeMarco,ca,2012,No,No,11,75,548,3487,79.846458435,466,33494
76,Cosmogramma,Flying Lotus,us,2010,No,No,14,76,549,3485,80.682128906,519,10240
77,E+//3//f/9-MO+//3//f/9-TION,Carly Rae Jepsen,ca,2015,No,No,7,77,554,3475,77.412536621,339,82710
78,7,Beach House,us,2018,No,No,4,78,555,3473,79.856575012,610,132038
79,Hand. Cannot. Erase.,Steven Wilson,uk,2015,No,No,8,79,563,3412,80.570869446,353,76463
80,Pi+//3//Q-ata,Freddie Gibbs +ACY- Madlib,us,2014,No,No,8,80,565,3400,80.187416077,441,57540
81,Congratulations,MGMT,us,2010,No,No,15,81,566,3397,75.342300415,711,9868
82,Have You In My Wilderness,Julia Holter,us,2015,No,No,9,82,580,3315,80.3776474,385,83821
83,In Colour,Jamie xx,uk,2015,No,No,10,83,587,3294,78.509132385,569,80425
84,m b v,My Bloody Valentine,un,2013,No,No,9,84,588,3291,78.425895691,663,36356
85,Slowdive,Slowdive,uk,2017,No,No,5,85,590,3285,80.357406616,523,113199
86,Strange Mercy,St. Vincent,us,2011,No,No,11,86,601,3243,78.968780518,494,18496
87,A Crow Looked At Me,Mount Eerie,us,2017,No,No,6,87,608,3202,80.023574829,540,109527
88,Pure Heroine,Lorde,nz,2013,No,No,10,88,611,3178,75.270942688,507,47899
89,Joy As An Act Of Resistance.,Idles,uk,2018,No,No,5,89,621,3092,80.562095642,400,138941
90,Sleep Well Beast,The National,us,2017,No,No,7,90,633,3030,79.558258057,487,115405
91,Acid Rap,Chance The Rapper,us,2013,No,No,11,91,636,3002,77.800964355,476,40461
92,The Wild Hunt,The Tallest Man On Earth,se,2010,No,No,16,92,650,2955,77.761108398,445,10241
93,The Epic,Kamasi Washington,us,2015,No,No,11,93,652,2953,82.03553009,439,79607
94,Section.80,Kendrick Lamar,us,2011,No,No,12,94,675,2863,79.594772339,605,16783
95,Shields,Grizzly Bear,us,2012,No,No,12,95,677,2840,78.820419312,568,28062
96,Wide Awake+ACE-,Parquet Courts,us,2018,No,No,6,96,684,2808,79.973487854,460,132467
97,Pure Comedy,Father John Misty,us,2017,No,No,8,97,686,2802,76.902702332,545,109484
98,Untitled Unmastered.,Kendrick Lamar,us,2016,No,No,11,98,687,2798,80.003547668,758,95142
99,American Dream,LCD Soundsystem,us,2017,No,No,9,99,692,2766,78.150688171,540,117710
100,Depression Cherry,Beach House,us,2015,No,No,12,100,714,2671,77.598503113,478,83434
101,+ACI-+ACY-quot+ADs-Awaken, My Love+ACEAJg-quot+ADs-+ACI-,Childish Gambino,us,2016,No,No,12,101,732,2599,79.001449585,438,105906
102,Crack+AC0-Up,Fleet Foxes,us,2017,No,No,10,102,733,2594,78.607635498,506,111855
103,Nonagon Infinity,King Gizzard +ACY- The Lizard Wizard,au,2016,No,No,13,103,743,2559,81.077484131,377,97410
104,My Woman,Angel Olsen,us,2016,No,No,14,104,744,2558,79.289039612,372,100712
105,James Blake,James Blake,uk,2011,No,No,13,105,752,2537,73.734886169,571,13903
106,Vulnicura,Bj+//3//Q-rk,is,2015,No,No,13,106,754,2534,78.850631714,509,74451
107,Magdalene,FKA Twigs,uk,2019,No,No,4,107,756,2527,81.070739746,285,159006
108,Ultraviolence,Lana Del Rey,us,2014,No,No,9,108,759,2524,74.52973175,408,61760
109,They Want My Soul,Spoon,us,2014,No,No,10,109,763,2515,78.831787109,429,61775
110,Suck It And See,Arctic Monkeys,uk,2011,No,No,14,110,766,2502,73.60446167,775,16136
111,Ceremonials,Florence  The Machine,uk,2011,No,No,15,111,770,2468,74.74671936,403,19569
112,Blunderbuss,Jack White,us,2012,No,No,13,112,782,2424,76.991241455,733,23833
113,Little Dark Age,MGMT,us,2018,No,No,7,113,786,2404,79.559463501,674,129036
114,Exmilitary,Death Grips,us,2011,No,No,16,114,790,2392,80.34627533,411,17635
115,Golden Hour,Kacey Musgraves,us,2018,No,No,8,115,795,2367,76.494262695,316,132058
116,Divers,Joanna Newsom,us,2015,No,No,14,116,802,2340,81.304504395,323,88303
117,Alvvays,Alvvays,ca,2014,No,No,11,117,803,2338,78.465270996,296,60451
118,LP1,FKA Twigs,uk,2014,No,No,12,118,810,2316,75.893180847,460,63947
119,We Are The 21st Century Ambassadors Of Peace And Magic,Foxygen,us,2013,No,No,12,119,812,2312,76.315368652,500,35450
120,Take Care,Drake,ca,2011,No,No,17,120,814,2310,70.867958069,364,19923
121,Push The Sky Away,Nick Cave +ACY- The Bad Seeds,au,2013,No,No,13,121,818,2303,78.344352722,390,36536
122,Saturation III,Brockhampton,us,2017,No,No,11,122,824,2288,82.885978699,391,126748
123,Tranquility Base Hotel +ACY- Casino,Arctic Monkeys,uk,2018,No,No,9,123,826,2282,71.963096619,603,133702
124,Loud City Song,Julia Holter,us,2013,No,No,14,124,832,2268,78.144927979,317,45141
125,Weezer (The White Album),Weezer,us,2016,No,No,15,125,841,2242,77.525596619,492,96274
126,Malibu,Anderson .Paak,us,2016,No,No,16,126,843,2241,79.380722046,465,92476
127,The Raven That Refused To Sing (And Other Stories),Steven Wilson,uk,2013,No,No,15,127,851,2219,78.686782837,312,35751
128,Torches,Foster The People,us,2011,No,No,18,128,852,2215,71.548126221,509,16037
129,You're Dead+ACE-,Flying Lotus,us,2014,No,No,13,129,868,2159,79.331733704,414,68119
130,Some Rap Songs,Earl Sweatshirt,us,2018,No,No,10,130,873,2148,78.705749512,302,142782
131,Saturation II,Brockhampton,us,2017,No,No,12,131,878,2139,81.99671936,410,121720
132,Amok,Atoms For Peace,un,2013,No,No,16,132,889,2110,74.941543579,554,37028
133,Pom Pom,Ariel Pink,us,2014,No,No,14,133,906,2069,78.117454529,308,69152
134,This Is All Yours,alt+AC0-J,uk,2014,No,No,15,134,910,2067,72.525978088,486,66880
135,The 2nd Law,Muse,uk,2012,No,No,14,135,918,2056,64.054428101,664,28782
136,Attack On Memory,Cloud Nothings,us,2012,No,No,15,136,921,2050,75.964035034,455,21793
137,Ctrl,SZA,us,2017,No,No,13,137,930,2026,77.508979797,291,117007
138,The Next Day,David Bowie,uk,2013,No,No,17,138,932,2025,76.945075989,665,37508
139,Royal Blood,Royal Blood,uk,2014,No,No,16,139,936,2021,75.52066803,366,66146
140,Angles,The Strokes,us,2011,No,No,19,140,938,2018,72.057769775,795,14916
141,Psychic,Darkside,un,2013,No,No,18,141,958,1971,77.672050476,301,48157
142,Schlagenheim,Black Midi,uk,2019,No,No,5,142,963,1966,79.229454041,313,155407
143,Antisocialites,Alvvays,ca,2017,No,No,14,143,968,1957,79.621452332,304,117526
144,+ACI-When We All Fall Asleep, Where Do We Go?+ACI-,Billie Eilish,us,2019,No,No,6,144,973,1943,74.995132446,485,147423
145,MASSEDUCTION,St. Vincent,us,2017,No,No,15,145,979,1932,78.182929993,341,122158
146,Burst Apart,The Antlers,us,2011,No,No,20,146,981,1926,77.774406433,365,15576
147,House Of Balloons,The Weeknd,ca,2011,No,No,21,147,990,1901,77.882225037,329,15240
148,Morning Phase,Beck,us,2014,No,No,17,148,994,1895,75.155342102,494,55577
149,The Monitor,Titus Andronicus,us,2010,No,No,17,149,1000,1875,78.065979004,282,9497
150,Celebration Rock,Japandroids,ca,2012,No,No,16,150,1005,1863,74.808059692,399,25006
151,Melophobia,Cage The Elephant,us,2013,No,No,19,151,1008,1860,77.8539505,280,48126
152,Be The Cowboy,Mitski,un,2018,No,No,11,152,1013,1857,77.685966492,304,135503
153,Daytona,Pusha T,us,2018,No,No,12,153,1035,1813,79.082275391,483,136043
154,Dirty Computer,Janelle Monae,us,2018,No,No,13,154,1054,1771,77.388694763,398,132203
155,A Brief Inquiry Into Online Relationships,The 1975,uk,2018,No,No,14,155,1064,1764,75.140159607,229,142703
156,Yuck,Yuck,uk,2011,No,No,22,156,1089,1724,74.979919434,363,13964
157,Twin Fantasy (Mirror To Mirror),Car Seat Headrest,us,2011,No,No,23,157,1090,1721,80.614517212,218,43719
158,Syro,Aphex Twin,uk,2014,No,No,18,158,1092,1714,77.412620544,367,66891
159,Rodeo,Travis Scott,us,2015,No,No,15,159,1096,1707,81.002952576,219,86183
160,A Seat At The Table,Solange,us,2016,No,No,17,160,1101,1696,78.407089233,257,103600
161,Southeastern,Jason Isbell,us,2013,No,No,20,161,1103,1692,77.089431763,157,42399
162,The Magic Whip,Blur,uk,2015,No,No,16,162,1107,1683,75.922348022,545,76264
163,Wildflower,The Avalanches,au,2016,No,No,18,163,1110,1677,76.039825439,363,98612
164,+ACI-Father, Son, Holy Ghost+ACI-,Girls,us,2011,No,No,24,164,1116,1665,77.280517578,340,18480
165,No Shape,Perfume Genius,us,2017,No,No,16,165,1119,1655,78.580955505,273,113377
166,Comedown Machine,The Strokes,us,2013,No,No,21,166,1122,1650,71.543899536,562,38497
167,Bottomless Pit,Death Grips,us,2016,No,No,19,167,1134,1632,80.757041931,379,97344
168,Vessel,Twenty One Pilots,us,2013,No,No,22,168,1150,1609,69.740898132,192,35854
169,1989,Taylor Swift,us,2014,No,No,19,169,1152,1606,64.534255981,360,69196
170,Saturation,Brockhampton,us,2017,No,No,17,170,1161,1585,80.319633484,413,116955
171,Get To Heaven,Everything Everything,uk,2015,No,No,17,171,1164,1578,77.610191345,175,81001
172,Because The Internet,Childish Gambino,us,2013,No,No,23,172,1165,1578,71.764801025,276,52032
173,Viet Cong,Viet Cong,ca,2015,No,No,18,173,1167,1574,76.448104858,385,73611
174,Sun Structures,Temples,uk,2014,No,No,20,174,1179,1555,74.5753479,345,55602
175,Swing Lo Magellan,Dirty Projectors,us,2012,No,No,17,175,1193,1530,76.294395447,252,26617
176,'Allelujah+ACE- Don't Bend+ACE- Ascend+ACE-,Godspeed You+ACE- Black Emperor,ca,2012,No,No,18,176,1194,1528,80.062767029,359,30678
177,+ACI-Ravedeath, 1972+ACI-,Tim Hecker,ca,2011,No,No,25,177,1199,1523,78.64226532,216,15242
178,The King Is Dead,The Decemberists,us,2011,No,No,26,178,1201,1522,73.904472351,344,13961
179,WORRY.,Jeff Rosenstock,us,2016,No,No,20,179,1202,1521,79.892929077,154,104118
180,TA13OO,Denzel Curry,us,2018,No,No,15,180,1208,1517,81.065971375,296,137763
181,Ghosteen,Nick Cave +ACY- The Bad Seeds,au,2019,No,No,7,181,1209,1514,79.454292297,262,159635
182,Father Of The Bride,Vampire Weekend,us,2019,No,No,8,182,1217,1506,76.056762695,449,151789
183,Wakin On A Pretty Daze,Kurt Vile,us,2013,No,No,24,183,1219,1497,78.42338562,340,39321
184,Total Life Forever,Foals,uk,2010,No,No,18,184,1224,1491,76.052009583,396,10238
185,Summertime '06,Vince Staples,us,2015,No,No,19,185,1227,1490,77.995010376,263,82904
186,The Powers That B,Death Grips,us,2015,Yes,No,20,186,1228,1489,79.721839905,311,77930
187,Run The Jewels 3,Run The Jewels,us,2016,No,No,21,187,1232,1478,81.887107849,370,106508
188,2014 Forest Hills Drive,J. Cole,us,2014,No,No,21,188,1235,1476,75.841773987,213,71836
189,Immunity,Jon Hopkins,uk,2013,No,No,25,189,1244,1458,77.406959534,237,42119
190,What Did You Expect From The Vaccines?,The Vaccines,uk,2011,No,No,27,190,1254,1442,73.736328125,352,15175
191,Beyonce,Beyonce,us,2013,No,No,26,191,1263,1435,72.077041626,301,52395
192,Aviary,Julia Holter,us,2018,No,No,16,192,1265,1431,79.284683228,177,139623
193,Broken Bells,Broken Bells,us,2010,No,No,19,193,1269,1428,74.058059692,385,9516
194,Science Fiction,Brand New,us,2017,No,No,18,194,1272,1425,79.263275146,288,121451
195,Watch The Throne,Jay+AC0-Z +ACY- Kanye West,us,2011,No,No,28,195,1276,1420,73.599098206,380,17541
196,Mylo Xyloto,Coldplay,uk,2011,No,No,29,196,1284,1413,60.415664673,694,19283
197,Turn Blue,The Black Keys,us,2014,No,No,22,197,1286,1409,71.823631287,482,60219
198,Flying Microtonal Banana,King Gizzard +ACY- The Lizard Wizard,au,2017,No,No,19,198,1305,1394,78.766433716,387,109787
199,Big Fish Theory,Vince Staples,us,2017,No,No,20,199,1310,1388,78.442230225,357,117224
200,Fear Fun,Father John Misty,us,2012,No,No,19,200,1315,1379,77.113105774,266,27832
201,Body Talk,Robyn,se,2010,Yes,No,20,201,1317,1379,75.217674255,165,12957
202,Singles,Future Islands,us,2014,No,No,23,202,1322,1375,75.594467163,233,57201
203,Doris,Earl Sweatshirt,us,2013,No,No,27,203,1323,1375,76.600875854,283,45341
204,Coloring Book,Chance The Rapper,us,2016,No,No,22,204,1325,1374,75.97063446,417,97842
205,You Want It Darker,Leonard Cohen,ca,2016,No,No,23,205,1329,1371,79.688056946,290,104373
206,Replica,Oneohtrix Point Never,us,2011,No,No,30,206,1332,1371,77.500724792,204,20054
207,Are We There,Sharon Van Etten,us,2014,No,No,24,207,1338,1366,78.441841125,251,56684
208,+ACI-I Don't Like Shit, I Don't Go Outside+ACI-,Earl Sweatshirt,us,2015,No,No,21,208,1346,1359,76.883750916,298,78048
209,The English Riviera,Metronomy,uk,2011,No,No,31,209,1347,1358,74.529251099,222,17508
210,Double Negative,Low,us,2018,No,No,17,210,1362,1333,77.420684814,179,137290
211,Virgins,Tim Hecker,ca,2013,No,No,28,211,1371,1314,79.043739319,167,46652
212,Overgrown,James Blake,uk,2013,No,No,29,212,1376,1311,76.361038208,369,39434
213,Virtue,The Voidz,us,2018,No,No,18,213,1378,1308,76.391464233,267,131956
214,Undun,The Roots,us,2011,No,No,32,214,1397,1288,81.399055481,145,20828
215,The Ooz,King Krule,uk,2017,No,No,21,215,1405,1280,76.775863647,232,123065
216,Shaking The Habitual,The Knife,se,2013,No,No,30,216,1406,1279,75.871261597,288,39198
217,Light Up Gold,Parquet Courts,us,2012,No,No,20,217,1408,1279,78.914329529,205,35350
218,Days,Real Estate,us,2011,No,No,33,218,1412,1276,77.024017334,230,19322
219,Kveikur,Sigur R+//3//Q-s,is,2013,No,No,31,219,1413,1273,76.909431458,365,42323
220,Tourist History,Two Door Cinema Club,uk,2010,No,No,21,220,1418,1269,72.638969421,360,10489
221,Grey Area,Little Simz,uk,2019,No,No,9,221,1419,1268,78.719055176,311,149971
222,6 Feet Beneath The Moon,King Krule,uk,2013,No,No,32,222,1422,1262,78.266174316,127,45249
223,2012+AC0-2017,Against All Logic,un,2018,No,No,19,223,1426,1254,80.369003296,342,131183
224,Oil Of Every Pearl's Un+AC0-Insides,SOPHIE,uk,2018,No,No,20,224,1431,1252,77.481452942,257,136775
225,The Bones Of What You Believe,Chvrches,uk,2013,No,No,33,225,1432,1251,75.377098083,310,46612
226,Everything Will Be Alright In The End,Weezer,us,2014,No,No,25,226,1442,1238,74.093544006,312,68127
227,Noel Gallagher's High Flying Birds,Noel Gallagher's High Flying Birds,uk,2011,No,No,34,227,1444,1235,74.553535461,273,19334
228,Stranger In The Alps,Phoebe Bridgers,us,2017,No,No,22,228,1447,1229,79.303794861,139,122717
229,Dogrel,Fontaines D.C.,ie,2019,No,No,10,229,1452,1227,78.640472412,195,152145
230,It's Album Time,Todd Terje,no,2014,No,No,26,230,1453,1226,75.961433411,262,57613
231,Fear Inoculum,Tool,us,2019,No,No,11,231,1461,1221,77.697296143,299,157580
232,Ten Love Songs,Susanne Sundf+//3//Q-r,no,2015,No,No,22,232,1463,1218,78.039703369,212,75974
233,XXX,Danny Brown,us,2011,No,No,35,233,1470,1213,79.207893372,282,19858
234,Crystal Castles (II),Crystal Castles,ca,2010,No,No,22,234,1478,1204,75.293014526,259,10636
235,Coexist,The xx,uk,2012,No,No,21,235,1487,1197,70.555274963,415,28261
236,Anima,Thom Yorke,uk,2019,No,No,12,236,1500,1184,79.41179657,339,155395
237,Before Today,Ariel Pink's Haunted Graffiti,us,2010,No,No,23,237,1505,1179,77.904701233,264,10537
238,Puberty 2,Mitski,un,2016,No,No,24,238,1508,1179,76.753814697,234,98373
239,Polygondwanaland,King Gizzard +ACY- The Lizard Wizard,au,2017,No,No,23,239,1516,1170,80.295608521,206,125297
240,This Old Dog,Mac DeMarco,ca,2017,No,No,24,240,1519,1168,76.439254761,380,109944
241,Anti,Rihanna,bb,2016,No,No,25,241,1532,1152,70.435913086,243,93424
242,Honeymoon,Lana Del Rey,us,2015,No,No,23,242,1537,1147,71.408424377,215,86667
243,My Head Is An Animal,Of Monsters And Men,is,2011,No,No,36,243,1538,1147,73.427230835,257,24863
244,Queen Of Denmark,John Grant,us,2010,No,No,24,244,1540,1144,77.069465637,131,12482
245,Swim,Caribou,ca,2010,No,No,25,245,1541,1141,77.573814392,271,10037
246,Veteran,JPEGMAFIA,us,2018,No,No,21,246,1550,1134,76.909591675,252,129359
247,How I Got Over,The Roots,us,2010,No,No,26,247,1551,1133,79.055763245,203,11141
248,All Mirrors,Angel Olsen,us,2019,No,No,13,248,1553,1129,79.125190735,228,157159
249,Evil Friends,Portugal. The Man,us,2013,No,No,34,249,1560,1119,74.867858887,159,41890
250,50 Words For Snow,Kate Bush,uk,2011,No,No,37,250,1564,1118,74.164123535,260,19769
251,I'm In Your Mind Fuzz,King Gizzard +ACY- The Lizard Wizard,au,2014,No,No,27,251,1568,1111,80.945747375,165,72961
252,Black Up,Shabazz Palaces,us,2011,No,No,38,252,1570,1110,77.257614136,178,16696
253,Valtari,Sigur R+//3//Q-s,is,2012,No,No,22,253,1572,1108,74.833351135,309,24364
254,Whokill,Tune+AC0-Yards,us,2011,No,No,39,254,1577,1102,75.22379303,279,15441
255,My Love Is Cool,Wolf Alice,uk,2015,No,No,24,255,1593,1091,76.611114502,214,82753
256,Babel,Mumford +ACY- Sons,uk,2012,No,No,23,256,1596,1084,60.676548004,393,30360
257,Smoke Ring For My Halo,Kurt Vile,us,2011,No,No,40,257,1597,1083,76.994743347,251,15123
258,Remind Me Tomorrow,Sharon Van Etten,us,2019,No,No,14,258,1604,1077,77.656242371,319,145263
259,Jake Bugg,Jake Bugg,uk,2012,No,No,24,259,1605,1077,71.833877563,279,30652
260,If You're Reading This It's Too Late,Drake,ca,2015,No,No,25,260,1607,1073,70.839546204,293,75908
261,I Like It When You Sleep For You Are So Beautiful Yet So Unaware Of It,The 1975,uk,2016,No,No,26,261,1608,1072,68.078430176,230,87977
262,Nothing Was The Same,Drake,ca,2013,No,No,35,262,1609,1072,70.798820496,282,47423
263,Kill For Love,Chromatics,us,2012,No,No,25,263,1611,1068,75.3723526,216,23774
264,Painted Ruins,Grizzly Bear,us,2017,No,No,25,264,1614,1066,76.656585693,224,115710
265,II,Unknown Mortal Orchestra,un,2013,No,No,36,265,1617,1066,75.710586548,235,35766
266,Light Upon The Lake,Whitney,us,2016,No,No,27,266,1618,1065,77.899749756,155,97805
267,+ACI-How Big, How Blue, How Beautiful+ACI-,Florence  The Machine,uk,2015,No,No,26,267,1636,1054,74.597053528,250,80811
268,There Is Love In You,Four Tet,uk,2010,No,No,27,268,1638,1052,78.577781677,187,9377
269,Treats,Sleigh Bells,us,2010,No,No,28,269,1641,1049,72.104324341,238,10669
270,God+//3//f/9-s Favorite Customer,Father John Misty,us,2018,No,No,22,270,1650,1042,77.08744812,333,134202
271,Too Bright,Perfume Genius,us,2014,No,No,28,271,1669,1031,77.159767151,235,67010
272,Monomania,Deerhunter,us,2013,No,No,37,272,1679,1025,75.303283691,283,39637
273,Ghost Stories,Coldplay,uk,2014,No,No,29,273,1683,1022,60.04158783,535,59075
274,Born This Way,Lady Gaga,us,2011,No,No,41,274,1684,1018,58.315536499,309,16030
275,Heligoland,Massive Attack,uk,2010,No,No,29,275,1698,1010,73.726272583,253,9288
276,I Am Easy To Find,The National,us,2019,No,No,15,276,1702,1009,74.884460449,275,150229
277,Run The Jewels,Run The Jewels,us,2013,No,No,38,277,1706,1007,77.583587646,359,43085
278,Drones,Muse,uk,2015,No,No,27,278,1719,995,61.513210297,494,78462
279,Everything Now,Arcade Fire,un,2017,No,No,26,279,1721,994,64.668754578,639,116553
280,Space Is Only Noise,Nicolas Jaar,un,2011,No,No,42,280,1726,991,75.337936401,209,13911
281,Boys +ACY- Girls,Alabama Shakes,us,2012,No,No,26,281,1727,990,74.823013306,321,23765
282,Everyday Robots,Damon Albarn,uk,2014,No,No,30,282,1728,990,73.308105469,285,56691
283,Red,Taylor Swift,us,2012,No,No,27,283,1732,987,62.544376373,219,31342
284,Trench,Twenty One Pilots,us,2018,No,No,23,284,1740,984,74.688476562,162,138682
285,Django Django,Django Django,uk,2012,No,No,28,285,1743,981,74.991287231,262,22974
286,Paramore,Paramore,us,2013,No,No,39,286,1744,981,66.38584137,212,39211
287,More Than Any Other Day,Ought,ca,2014,No,No,31,287,1745,981,76.353347778,175,59884
288,Swimming,Mac Miller,us,2018,No,No,24,288,1746,981,76.798835754,113,138489
289,U.F.O.F.,Big Thief,us,2019,No,No,16,289,1753,977,77.219764709,269,149761
290,Cardinal,Pinegrove,us,2016,No,No,28,290,1756,972,77.321304321,159,94189
291,Nocturne,Wild Nothing,us,2012,No,No,29,291,1762,968,78.799125671,148,28484
292,Villains,Queens Of The Stone Age,us,2017,No,No,27,292,1765,966,73.939590454,362,117429
293,Koi No Yokan,Deftones,us,2012,No,No,30,293,1772,963,77.993255615,191,32324
294,Capacity,Big Thief,us,2017,No,No,28,294,1779,958,77.835624695,136,114442
295,Bad As Me,Tom Waits,us,2011,No,No,43,295,1781,957,75.75920105,229,19345
296,Clinging To A Scheme,The Radio Dept.,se,2010,No,No,30,296,1786,953,77.720184326,130,10212
297,Sound +ACY- Color,Alabama Shakes,us,2015,No,No,28,297,1809,940,75.868293762,286,79111
298,+ACI-Home, Like Noplace Is There+ACI-,The Hotelier,us,2014,No,No,32,298,1815,933,74.37097168,107,56789
299,An Empty Bliss Beyond This World,The Caretaker,uk,2011,No,No,44,299,1821,928,79.711227417,104,22175
300,4:44,Jay+AC0-Z,us,2017,No,No,29,300,1825,923,77.74357605,241,118463
301,Knife Man,Andrew Jackson Jihad,us,2011,No,No,45,301,1831,921,78.760452271,128,19382
302,Burn Your Fire For No Witness,Angel Olsen,us,2014,No,No,33,302,1838,918,75.897285461,230,53985
303,Process,Sampha,uk,2017,No,No,30,303,1839,917,75.992889404,325,109148
304,Plowing Into The Field Of Love,Iceage,dk,2014,No,No,34,304,1844,914,78.033843994,190,67975
305,The Electric Lady,Janelle Monae,us,2013,No,No,40,305,1850,911,78.406890869,236,46649
306,Port Of Morrow,The Shins,us,2012,No,No,31,306,1855,909,73.190589905,354,23343
307,Days Are Gone,Haim,us,2013,No,No,41,307,1856,909,72.070610046,245,47410
308,Same Trailer Different Park,Kacey Musgraves,us,2013,No,No,42,308,1861,906,77.394737244,132,38619
309,Wrecking Ball,Bruce Springsteen,us,2012,No,No,32,309,1873,899,71.855072021,301,23220
310,Die Lit,Playboi Carti,us,2018,No,No,25,310,1883,892,73.608131409,122,135246
311,Once I Was An Eagle,Laura Marling,uk,2013,No,No,43,311,1901,881,76.374595642,195,41537
312,Our Love,Caribou,ca,2014,No,No,35,312,1902,880,75.058319092,208,65792
313,Ruins,Grouper,us,2014,No,No,36,313,1903,880,78.990112305,129,67888
314,No Love Deep Web,Death Grips,us,2012,No,No,33,314,1904,880,77.533348083,300,30642
315,El Pintor,Interpol,us,2014,No,No,37,315,1922,873,73.044456482,279,61933
316,Giles Corey,Giles Corey,us,2011,No,No,46,316,1935,865,78.251792908,82,19915
317,No Now,Clarence Clarity,uk,2015,No,No,29,317,1949,859,77.631858826,87,75857
318,Purple Mountains,Purple Mountains,us,2019,No,No,17,318,1952,857,78.784240723,181,156340
319,Diamond Eyes,Deftones,us,2010,No,No,31,319,1953,857,76.365890503,166,12087
320,Ye,Kanye West,us,2018,No,No,26,320,1958,856,73.017082214,572,136302
321,The Glowing Man,Swans,us,2016,No,No,29,321,1960,855,80.183883667,227,96587
322,All My Heroes Are Cornballs,JPEGMAFIA,us,2019,No,No,18,322,1966,850,77.726898193,182,159040
323,A I A : Alien Observer,Grouper,us,2011,No,No,47,323,1976,847,81.426429749,84,16331
324,+ACI-i,i+ACI-,Bon Iver,us,2019,No,No,19,324,1982,844,76.858009338,279,156295
325,Tomorrow's Harvest,Boards Of Canada,uk,2013,No,No,44,325,1988,841,76.006332397,253,42124
326,El Mal Querer,Rosal+//3//Q-a,es,2018,No,No,27,326,1993,839,77.706756592,149,140232
327,Charli,Charli XCX,uk,2019,No,No,20,327,1997,838,76.373130798,174,157377
328,Everything You've Come To Expect,The Last Shadow Puppets,uk,2016,No,No,30,328,2004,834,72.439956665,239,93060
329,Settle,Disclosure,uk,2013,No,No,45,329,2007,831,74.144577026,292,41918
330,Lazaretto,Jack White,us,2014,No,No,38,330,2011,830,74.924942017,359,59959
331,Sonic Highways,Foo Fighters,us,2014,No,No,39,331,2015,827,69.404045105,257,65891
332,Tell Me How You Really Feel,Courtney Barnett,au,2018,No,No,28,332,2022,824,74.116462708,239,130645
333,Brutalism,Idles,uk,2017,No,No,31,333,2028,820,78.872329712,169,112308
334,Pop 2,Charli XCX,uk,2017,No,No,32,334,2030,819,80.400474548,111,126798
335,4eva Is A Mighty Long Time,Big K.R.I.T.,us,2017,No,No,33,335,2033,817,80.228645325,112,124548
336,Odd Blood,Yeasayer,us,2010,No,No,32,336,2046,812,72.476394653,200,9292
337,25,Adele,uk,2015,No,No,30,337,2047,812,67.202545166,255,88643
338,Psychedelic Pill,Neil Young +ACY- Crazy Horse,ca,2012,No,No,34,338,2049,811,77.381195068,160,31845
339,I See You,The xx,uk,2017,No,No,34,339,2050,811,71.48764801,429,105513
340,Meliora,Ghost (SE),se,2015,No,No,31,340,2051,810,78.226272583,154,85771
341,Here And Nowhere Else,Cloud Nothings,us,2014,No,No,40,341,2053,809,74.448066711,270,56689
342,Kindred,Burial,uk,2012,No,No,35,342,2055,808,80.562927246,200,22851
343,Silence Yourself,Savages,uk,2013,No,No,46,343,2057,807,77.597167969,252,40618
344,Recovery,Eminem,us,2010,No,No,33,344,2087,793,61.771987915,395,10872
345,A Sailor's Guide To Earth,Sturgill Simpson,us,2016,No,No,31,345,2091,792,76.397911072,255,96645
346,The Endless River,Pink Floyd,uk,2014,No,No,41,346,2094,790,68.681785583,415,68904
347,Bandana,Freddie Gibbs +ACY- Madlib,us,2019,No,No,21,347,2099,788,79.0989151,213,155405
348,Drunk,Thundercat,us,2017,No,No,35,348,2101,787,75.008964539,287,109557
349,After Laughter,Paramore,us,2017,No,No,36,349,2102,786,74.742218018,197,115096
350,The Disintegration Loops,William Basinski,us,2012,Yes,No,36,350,2116,779,82.457168579,106,33223
351,Blurryface,Twenty One Pilots,us,2015,No,No,32,351,2121,776,65.675514221,216,80659
352,Panda Bear Meets The Grim Reaper,Panda Bear,us,2015,No,No,33,352,2124,776,75.273742676,298,70663
353,The Rip Tide,Beirut,us,2011,No,No,48,353,2128,775,75.415252686,168,17544
354,+//3//f/9//3//f/9//3//f/9//3//f/9//3//f/9//3//f/9//3//f/9- +AFs-Birth Of A New Day+AF0-,+//3//f/9//3//f/9//3//f/9//3//f/9-,un,2015,No,No,34,354,2132,772,78.752044678,68,84689
355,Biophilia,Bj+//3//Q-rk,is,2011,No,No,49,355,2133,771,74.067573547,270,19100
356,The Lion's Roar,First Aid Kit,se,2012,No,No,37,356,2139,769,73.111701965,170,22093
357,Mista Thug Isolation,Lil Ugly Mane,us,2012,No,No,38,357,2149,763,77.059082031,52,30421
358,Centipede Hz,Animal Collective,us,2012,No,No,39,358,2150,763,70.118339539,271,27270
359,Come Around Sundown,Kings Of Leon,us,2010,No,No,34,359,2159,757,65.472106934,276,13291
360,Is This The Life We Really Want?,Roger Waters,uk,2017,No,No,37,360,2165,757,75.07850647,219,114789
361,Transgender Dysphoria Blues,Against Me+ACE-,us,2014,No,No,42,361,2166,756,70.138961792,191,54611
362,Nightmare,Avenged Sevenfold,us,2010,No,No,35,362,2168,756,67.545066833,160,12745
363,Weather Systems,Anathema,uk,2012,No,No,40,363,2177,750,77.125419617,84,29781
364,Build A Rocket Boys+ACE-,Elbow,uk,2011,No,No,50,364,2178,750,72.218811035,188,14813
365,The Whole Love,Wilco,us,2011,No,No,51,365,2187,746,77.435821533,264,18310
366,Your Queen Is A Reptile,Sons Of Kemet,uk,2018,No,No,29,366,2188,746,77.302780151,156,133415
367,+ACI-Hardcore Will Never Die, But You Will+ACI-,Mogwai,uk,2011,No,No,52,367,2192,744,74.96471405,201,13629
368,Speak Now,Taylor Swift,us,2010,No,No,36,368,2194,743,56.462802887,214,13632
369,Metamodern Sounds In Country Music,Sturgill Simpson,us,2014,No,No,43,369,2204,739,77.2550354,124,60385
370,Infinite Arms,Band Of Horses,us,2010,No,No,37,370,2207,737,71.073623657,234,10413
371,Trilogy,The Weeknd,ca,2012,Yes,No,41,371,2210,736,79.15423584,114,32473
372,Caligula,Lingua Ignota,us,2019,No,No,22,372,2213,736,77.661308289,117,154068
373,Hot Thoughts,Spoon,us,2017,No,No,38,373,2214,735,75.188728333,272,112144
374,Multi+AC0-Love,Unknown Mortal Orchestra,un,2015,No,No,35,374,2216,735,75.147125244,181,79541
375,Man On The Moon II: The Legend Of Mr. Rager,Kid Cudi,us,2010,No,No,38,375,2220,733,68.508895874,179,12535
376,Holy Fire,Foals,uk,2013,No,No,47,376,2228,729,72.932327271,327,36633
377,The Marshall Mathers LP 2,Eminem,us,2013,No,No,48,377,2246,723,68.592170715,296,49712
378,Tetsuo +ACY- Youth,Lupe Fiasco,us,2015,No,No,36,378,2247,723,72.433105469,140,74559
379,Lust For Life,Lana Del Rey,us,2017,No,No,39,379,2252,722,72.921226501,212,114445
380,Velociraptor+ACE-,Kasabian,uk,2011,No,No,53,380,2257,721,74.684150696,226,18497
381,Isolation,Kali Uchis,un,2018,No,No,30,381,2264,717,78.395530701,251,132726
382,1000 Gecs,100 Gecs,us,2019,No,No,23,382,2269,714,71.709754944,134,154628
383,Telefone,Noname,us,2016,No,No,32,383,2273,712,78.837089539,123,100819
384,What Went Down,Foals,uk,2015,No,No,37,384,2289,706,75.89931488,184,85284
385,Endless,Frank Ocean,us,2018,No,No,31,385,2300,702,77.517997742,139,101769
386,Night Visions,Imagine Dragons,us,2012,No,No,42,386,2302,699,60.583972931,260,30004
387,+ACI-Apocalypse, Girl+ACI-,Jenny Hval,no,2015,No,No,38,387,2312,697,71.984443665,143,79931
388,Dive,Tycho,us,2011,No,No,54,388,2314,696,75.860031128,123,20170
389,DS2,Future,us,2015,No,No,39,389,2316,695,71.328193665,122,84290
390,Tomorrow's Modern Boxes,Thom Yorke,uk,2014,No,No,44,390,2328,690,73.610641479,242,68143
391,Heaven And Earth,Kamasi Washington,us,2018,No,No,32,391,2338,687,78.998069763,171,134269
392,Skying,The Horrors,uk,2011,No,No,55,392,2349,684,73.399284363,185,16676
393,Public Strain,Women,ca,2010,No,No,39,393,2354,684,76.092536926,119,13732
394,Gossamer,Passion Pit,us,2012,No,No,43,394,2358,683,71.585990906,144,26903
395,Allo Darlin',Allo Darlin',uk,2010,No,No,40,395,2363,681,77.79434967,51,35792
396,The 1975,The 1975,uk,2013,No,No,49,396,2364,680,67.803993225,157,46416
397,Beauty Behind The Madness,The Weeknd,ca,2015,No,No,40,397,2375,674,70.281265259,198,85365
398,R.A.P. Music,Killer Mike,us,2012,No,No,44,398,2377,674,77.384025574,163,31251
399,Wounded Rhymes,Lykke Li,se,2011,No,No,56,399,2378,673,74.987449646,181,14656
400,Now Only,Mount Eerie,us,2018,No,No,33,400,2393,666,74.124076843,224,129078
401,Blood Bitch,Jenny Hval,no,2016,No,No,33,401,2394,666,77.098815918,111,102097
402,Put Your Back N 2 It,Perfume Genius,us,2012,No,No,45,402,2395,665,75.117431641,188,21547
403,Bury Me At Makeout Creek,Mitski,un,2014,No,No,45,403,2402,661,80.432235718,55,70108
404,Everywhere At The End Of Time,The Caretaker,uk,2019,Yes,No,24,404,2406,660,83.118614197,64,150846
405,Hadestown,Ana+//3//Q-s Mitchell,us,2010,No,No,41,405,2413,658,79.864395142,84,9645
406,Iridescence,Brockhampton,us,2018,No,No,34,406,2418,657,75.730613708,246,139841
407,There's No Leaving Now,The Tallest Man On Earth,se,2012,No,No,46,407,2438,649,74.162590027,155,26085
408,Dream River,Bill Callahan,us,2013,No,No,50,408,2439,648,76.505645752,109,47485
409,No Cities To Love,Sleater+AC0-Kinney,us,2015,No,No,41,409,2440,648,74.400917053,290,73625
410,Thank Your Lucky Stars,Beach House,us,2015,No,No,42,410,2444,647,75.906814575,221,87737
411,Hopelessness,ANOHNI,uk,2016,No,No,34,411,2445,647,73.267250061,207,96822
412,Some Nights,fun.,us,2012,No,No,47,412,2446,647,63.087158203,250,22703
413,Arca,Arca,ve,2017,No,No,40,413,2467,642,73.312667847,186,113261
414,Crazy For You,Best Coast,us,2010,No,No,42,414,2468,641,72.25315094,206,11316
415,Danger Days: The True Lives Of The Fabulous Killjoys,My Chemical Romance,us,2010,No,No,43,415,2472,640,63.416976929,241,13045
416,Sprained Ankle,Julien Baker,us,2015,No,No,43,416,2477,639,77.583312988,83,88477
417,Battle Born,The Killers,us,2012,No,No,48,417,2484,637,65.924079895,262,30083
418,New Bermuda,Deafheaven,us,2015,No,No,44,418,2485,637,77.264785767,174,85912
419,Traveller,Chris Stapleton,us,2015,No,No,45,419,2486,636,76.212974548,88,81219
420,Wolf,+ACI-Tyler, The Creator+ACI-,us,2013,No,No,51,420,2495,634,71.150497437,231,39020
421,Atlas,Real Estate,us,2014,No,No,46,421,2498,633,74.912406921,248,56479
422,Dead Magic,Anna Von Hausswolff,se,2018,No,No,35,422,2500,633,76.376670837,162,128003
423,Astroworld,Travis Scott,us,2018,No,No,36,423,2514,628,73.814125061,211,138485
424,Assume Form,James Blake,uk,2019,No,No,25,424,2519,625,74.377876282,264,145593
425,+ACI-Night Time, My Time+ACI-,Sky Ferreira,us,2013,No,No,52,425,2520,625,73.241157532,143,49517
426,Every Open Eye,Chvrches,uk,2015,No,No,46,426,2525,624,71.839179993,162,87104
427,1999,Joey Bada+ACQAJA-,us,2012,No,No,49,427,2542,618,78.416648865,104,28049
428,Bankrupt+ACE-,Phoenix (FR),fr,2013,No,No,53,428,2547,616,70.415672302,239,37447
429,Relatives In Descent,Protomartyr,us,2017,No,No,41,429,2548,615,77.482566833,127,119469
430,Slave Ambient,The War On Drugs,us,2011,No,No,57,430,2550,615,75.813911438,199,18067
431,Until The Quiet Comes,Flying Lotus,us,2012,No,No,50,431,2551,614,77.11517334,155,28304
432,Music For People In Trouble,Susanne Sundf+//3//Q-r,no,2017,No,No,42,432,2553,613,79.611022949,87,117528
433,The Double EP: A Sea Of Split Peas,Courtney Barnett,au,2013,Yes,No,54,433,2554,613,79.62285614,90,49018
434,Supermodel,Foster The People,us,2014,No,No,47,434,2556,612,67.844322205,175,56682
435,Post Pop Depression,Iggy Pop,us,2016,No,No,35,435,2562,611,74.015174866,233,94625
436,Boarding House Reach,Jack White,us,2018,No,No,37,436,2566,610,71.357254028,289,129209
437,LiveLoveA+ACQ-AP,A+ACQ-AP Rocky,us,2011,No,No,58,437,2585,604,76.139289856,125,19859
438,In A Poem Unlimited,U.S. Girls,us,2018,No,No,38,438,2589,603,76.954963684,246,129650
439,Metals,Feist,ca,2011,No,No,59,439,2596,601,74.815238953,139,19881
440,Teens Of Style,Car Seat Headrest,us,2015,No,No,47,440,2597,601,76.711502075,164,88728
441,Hozier,Hozier,ie,2014,No,No,48,441,2600,600,73.066200256,139,68545
442,+ACI-Whenever, If Ever+ACI-,The World Is A Beautiful Place And I Am No Longer Afraid To Die,us,2013,No,No,55,442,2601,600,76.117042542,65,41915
443,Star Wars,Wilco,us,2015,No,No,48,443,2604,599,72.441345215,245,84158
444,Love +ACY- Hate,Michael Kiwanuka,uk,2016,No,No,36,444,2605,598,78.507804871,140,97502
445,Luxury Problems,Andy Stott,uk,2012,No,No,51,445,2608,598,75.952758789,105,32155
446,Garden Of Delete,Oneohtrix Point Never,us,2015,No,No,49,446,2610,597,77.054763794,133,87226
447,The 20/20 Experience,Justin Timberlake,us,2013,No,No,56,447,2613,596,65.715942383,301,36897
448,If You Wait,London Grammar,uk,2013,No,No,57,448,2619,595,78.30821991,85,47344
449,Perils From The Sea,Mark Kozelek +ACY- Jimmy Lavalle,us,2013,No,No,58,449,2624,593,74.978912354,102,40617
450,Room 25,Noname,us,2018,No,No,39,450,2626,592,79.308860779,169,139867
451,Sir Lucious Left Foot: The Son Of Chico Dusty,Big Boi,us,2010,No,No,44,451,2637,589,75.398246765,188,11080
452,Making Mirrors,Gotye,au,2011,No,No,60,452,2649,586,71.453079224,159,18175
453,The Impossible Kid,Aesop Rock,us,2016,No,No,37,453,2658,582,77.62802887,129,97266
454,I'm All Ears,Let's Eat Grandma,uk,2018,No,No,40,454,2660,581,76.166618347,142,133638
455,Lush,Snail Mail,us,2018,No,No,41,455,2663,580,74.856063843,183,134417
456,New History Warfare Vol. 2: Judges,Colin Stetson,us,2011,No,No,61,456,2670,579,77.295455933,88,17305
457,Long.Live.A+ACQ-AP,A+ACQ-AP Rocky,us,2013,No,No,59,457,2671,578,70.716957092,186,34700
458,All Delighted People EP,Sufjan Stevens,us,2010,No,No,45,458,2680,576,78.26789093,154,12984
459,Given To The Wild,The Maccabees,uk,2012,No,No,52,459,2685,574,71.051208496,163,21813
460,KIWANUKA,Michael Kiwanuka,uk,2019,No,No,26,460,2686,574,78.93687439,139,161463
461,CLPPNG,Clipping.,us,2014,No,No,49,461,2688,573,77.394737244,133,57796
462,R Plus Seven,Oneohtrix Point Never,us,2013,No,No,60,462,2696,571,75.88609314,154,45400
463,The Year Of Hibernation,Youth Lagoon,us,2011,No,No,62,463,2698,571,76.864044189,149,19016
464,England Keep My Bones,Frank Turner,uk,2011,No,No,63,464,2699,570,74.376754761,84,17754
465,Clean,Soccer Mommy,us,2018,No,No,42,465,2702,569,74.929870605,167,131623
466,How Did We Get So Dark?,Royal Blood,uk,2017,No,No,43,466,2703,569,72.21005249,137,114086
467,A Thousand Suns,Linkin Park,us,2010,No,No,46,467,2704,569,57.717159271,267,12089
468,In The Mountain In The Cloud,Portugal. The Man,us,2011,No,No,64,468,2716,566,77.336929321,81,17991
469,Ceres +ACY- Calypso In The Deep Time,Candy Claws,us,2013,No,No,61,469,2719,566,76.093841553,62,44795
470,Turn Out The Lights,Julien Baker,us,2017,No,No,44,470,2721,565,75.887084961,119,121580
471,Poison Season,Destroyer,ca,2015,No,No,50,471,2723,565,76.309120178,186,83791
472,Familiars,The Antlers,us,2014,No,No,50,472,2725,564,75.153671265,174,59785
473,The Take Off And Landing Of Everything,Elbow,uk,2014,No,No,51,473,2729,563,72.204101562,151,57010
474,,Ed Sheeran,uk,2011,No,No,65,474,2737,562,62.229026794,137,22397
475,Songs Of Praise,Shame,uk,2018,No,No,43,475,2747,560,74.71144104,210,128758
476,Two Hands,Big Thief,us,2019,No,No,27,476,2748,559,77.178482056,146,157685
477,Racine Carr+//3//Q-e,Stromae,be,2013,No,No,62,477,2755,558,76.736427307,53,49241
478,Ordinary Corrupt Human Love,Deafheaven,us,2018,No,No,44,478,2761,556,76.811935425,148,134248
479,Bonito Generation,Kero Kero Bonito,uk,2016,No,No,38,479,2762,556,75.926422119,119,104346
480,Cuz I Love You,Lizzo,us,2019,No,No,28,480,2763,555,74.538818359,140,152351
481,One Life Stand,Hot Chip,uk,2010,No,No,47,481,2765,555,72.755813599,149,8619
482,In Our Heads,Hot Chip,uk,2012,No,No,53,482,2768,555,73.7967453,157,24554
483,+ACI-Nostalgia, Ultra.+ACI-,Frank Ocean,us,2011,No,No,66,483,2772,554,76.934333801,194,15305
484,Tomboy,Panda Bear,us,2011,No,No,67,484,2775,554,72.277992249,242,15025
485,Field Of Reeds,These New Puritans,uk,2013,No,No,63,485,2782,552,73.814758301,90,41749
486,Tramp,Sharon Van Etten,us,2012,No,No,54,486,2786,550,76.54322052,147,23053
487,Go Farther In Lightness,Gang Of Youths,au,2017,No,No,45,487,2792,550,80.774459839,59,121567
488,Forgiveness Rock Record,Broken Social Scene,ca,2010,No,No,48,488,2795,550,75.402770996,159,10130
489,Every Kingdom,Ben Howard,uk,2011,No,No,68,489,2796,549,74.411903381,117,20443
490,Just Got Back From The Discomfort +AC0- We're Alright,The Brave Little Abacus,us,2010,No,No,49,490,2800,549,78.460899353,38,47190
491,Honey,Robyn,se,2018,No,No,45,491,2836,540,76.400428772,125,140527
492,B'lieve I'm Goin Down...,Kurt Vile,us,2015,No,No,51,492,2838,540,76.672119141,173,85431
493,Semper Femina,Laura Marling,uk,2017,No,No,46,493,2841,539,75.436515808,146,110772
494,The Colour In Anything,James Blake,uk,2016,No,No,39,494,2843,538,72.644958496,271,97520
495,Safe In The Hands Of Love,Yves Tumor,us,2018,No,No,46,495,2854,536,76.990921021,138,139566
496,Humanz,Gorillaz,uk,2017,No,No,47,496,2860,534,63.711765289,417,112954
497,Hamilton: An American Musical,The Original Broadway Cast,un,2015,No,No,52,497,2863,534,79.967918396,65,90413
498,Quarantine,Laurel Halo,us,2012,No,No,55,498,2864,534,76.109413147,61,26964
499,Peripheral Vision,Turnover,us,2015,No,No,53,499,2865,534,77.503387451,37,85141
500,Hesitation Marks,Nine Inch Nails,un,2013,No,No,64,500,2869,532,74.5573349,178,46144
501,The Lumineers,The Lumineers,us,2012,No,No,56,501,2871,532,67.597000122,175,28223
502,My Favourite Faded Fantasy,Damien Rice,ie,2014,No,No,52,502,2874,532,74.031280518,76,69607
503,The Courage Of Others,Midlake,us,2010,No,No,50,503,2877,531,73.120895386,105,10025
504,I'm With You,Red Hot Chili Peppers,us,2011,No,No,69,504,2880,530,67.341064453,336,18095
505,Teenage Dream,Katy Perry,us,2010,No,No,51,505,2888,527,57.988040924,185,16597
506,New,Paul McCartney,uk,2013,No,No,65,506,2894,526,72.733978271,185,48635
507,The Harrow +ACY- The Harvest,Gillian Welch,us,2011,No,No,70,507,2897,526,77.703605652,90,16900
508,Clockwork Angels,Rush,ca,2012,No,No,57,508,2908,523,76.123687744,160,26837
509,Jeffery,Young Thug,us,2016,No,No,40,509,2931,517,74.570106506,140,102051
510,Manipulator,Ty Segall,us,2014,No,No,53,510,2942,515,77.405082703,121,66028
511,Shrines,Purity Ring,ca,2012,No,No,58,511,2944,514,74.343971252,148,28506
512,Painted Shut,Hop Along,us,2015,No,No,54,512,2950,513,74.611938477,113,79797
513,Los +//3//Q-ngeles,Rosal+//3//Q-a,es,2017,No,No,48,513,2963,511,79.040237427,82,114680
514,Nine Types Of Light,TV On The Radio,us,2011,No,No,71,514,2970,510,73.855735779,233,15315
515,Tragedy,Julia Holter,us,2011,No,No,72,515,2971,510,77.438766479,69,26499
516,The Underside Of Power,Algiers,us,2017,No,No,49,516,2972,510,76.908599854,126,116737
517,Singularity,Jon Hopkins,uk,2018,No,No,47,517,2980,508,77.101852417,135,132270
518,The Balcony,Catfish And The Bottlemen,uk,2014,No,No,54,518,2982,507,75.404998779,85,67556
519,Grace For Drowning,Steven Wilson,uk,2011,No,No,73,519,2999,504,77.768409729,122,18817
520,Electra Heart,Marina And The Diamonds,uk,2012,No,No,59,520,3000,504,71.734817505,79,25125
521,Crushing,Julia Jacklin,au,2019,No,No,29,521,3015,500,76.251014709,150,149561
522,+//3//f/9//3//f/9//3//f/9//3//f/9- +AFs-Crumbling+AF0-,+//3//f/9//3//f/9//3//f/9//3//f/9- +AFs-Mid+AC0-Air Thief+AF0-,kr,2018,No,No,48,522,3020,500,77.945083618,70,139330
523,Melody's Echo Chamber,Melody's Echo Chamber,fr,2012,No,No,60,523,3022,499,75.938827515,111,29841
524,Transference,Spoon,us,2010,No,No,52,524,3024,499,75.680458069,211,8508
525,+ACI-Right Thoughts, Right Words, Right Action+ACI-,Franz Ferdinand,uk,2013,No,No,66,525,3027,499,71.455459595,226,51797
526,Barter 6,Young Thug,us,2015,No,No,55,526,3032,498,71.80280304,85,79259
527,The Book Of Souls,Iron Maiden,uk,2015,No,No,56,527,3036,496,74.121818542,137,85378
528,Go Tell Fire To The Mountain,WU LYF,uk,2011,No,No,74,528,3038,496,69.4165802,114,16400
529,Lousy With Sylvianbriar,of Montreal,us,2013,No,No,67,529,3046,494,74.659568787,86,47345
530,Year Of The Snitch,Death Grips,us,2018,No,No,49,530,3048,493,76.994926453,256,136564
531,Time 'N' Place,Kero Kero Bonito,uk,2018,No,No,50,531,3055,492,79.132698059,109,140475
532,Within And Without,Washed Out,us,2011,No,No,75,532,3059,490,74.532402039,138,16873
533,Trust In The Lifeforce Of The Deep Mystery,The Comet Is Coming,uk,2019,No,No,30,533,3060,490,77.092216492,153,150755
534,Freedom's Goblin,Ty Segall,us,2018,No,No,51,534,3064,489,74.831230164,156,128101
535,Aventine,Agnes Obel,dk,2013,No,No,68,535,3065,489,79.768791199,65,48209
536,Gloss Drop,Battles,us,2011,No,No,76,536,3066,489,73.733268738,132,15761
537,Peasant,Richard Dawson,uk,2017,No,No,50,537,3079,487,76.426437378,83,116772
538,Ekstasis,Julia Holter,us,2012,No,No,61,538,3086,486,77.313262939,125,23419
539,American Slang,The Gaslight Anthem,us,2010,No,No,53,539,3087,486,76.114753723,111,10486
540,4,Beyonce,us,2011,No,No,77,540,3090,485,63.615692139,147,16595
541,The Agent Intellect,Protomartyr,us,2015,No,No,57,541,3101,482,77.246139526,78,87453
542,Tempest,Bob Dylan,us,2012,No,No,62,542,3104,481,72.859291077,238,29873
543,99.9+ACU-,Kaytranada,ca,2016,No,No,41,543,3105,481,75.839607239,151,97611
544,When I Get Home,Solange,us,2019,No,No,31,544,3108,481,71.824790955,189,149823
545,Utopia,Bj+//3//Q-rk,is,2017,No,No,51,545,3109,481,74.96598053,209,123172
546,Flume,Flume,au,2012,No,No,63,546,3112,481,75.035957336,64,32056
547,Fading Frontier,Deerhunter,us,2015,No,No,58,547,3113,481,75.175178528,206,87415
548,Ferris Wheel On Fire,Neutral Milk Hotel,us,2011,No,No,78,548,3115,480,80.616897583,125,40132
549,Smother,Wild Beasts,uk,2011,No,No,79,549,3117,479,76.751274109,122,15747
550,Starboy,The Weeknd,ca,2016,No,No,42,550,3124,478,69.383071899,167,105907
551,Black Sands,Bonobo,uk,2010,No,No,54,551,3125,478,76.871063232,111,11087
552,Tell Me I'm Pretty,Cage The Elephant,us,2015,No,No,59,552,3127,478,73.079879761,114,91157
553,The Family Jewels,Marina And The Diamonds,uk,2010,No,No,55,553,3129,478,70.637359619,105,9528
554,I Never Learn,Lykke Li,se,2014,No,No,55,554,3131,478,73.79359436,139,59074
555,+ACI-Thank You, Happy Birthday+ACI-,Cage The Elephant,us,2011,No,No,80,555,3134,477,72.777061462,155,13673
556,Bish Bosch,Scott Walker,us,2012,No,No,64,556,3144,475,75.59677124,96,33327
557,Hardwired... To Self+AC0-Destruct,Metallica,us,2016,No,No,43,557,3146,475,68.372024536,191,103865
558,Circuital,My Morning Jacket,us,2011,No,No,81,558,3147,475,73.878211975,160,16188
559,+ACI-Take Care, Take Care, Take Care+ACI-,Explosions In The Sky,us,2011,No,No,82,559,3151,474,73.627609253,102,16335
560,Another One,Mac DeMarco,ca,2015,No,No,60,560,3152,474,75.512695312,241,83812
561,SBTRKT,SBTRKT,uk,2011,No,No,83,561,3177,469,74.161888123,131,16875
562,Songs Of Innocence,U2,ie,2014,No,No,56,562,3181,468,63.779598236,291,67296
563,Muchacho,Phosphorescent,us,2013,No,No,69,563,3182,468,75.180801392,146,38128
564,As You Were,Liam Gallagher,uk,2017,No,No,52,564,3183,468,71.572250366,105,118446
565,I Speak Because I Can,Laura Marling,uk,2010,No,No,56,565,3184,467,74.728622437,149,9257
566,Sweet Heart Sweet Light,Spiritualized,uk,2012,No,No,65,566,3186,467,76.581695557,199,24409
567,Diamond Mine,King Creosote +ACY- Jon Hopkins,uk,2011,No,No,84,567,3190,467,78.035453796,67,19365
568,uknowhatimsayin+//3//Q-,Danny Brown,us,2019,No,No,32,568,3192,467,77.500938416,167,158850
569,Walk The Moon,Walk The Moon,us,2012,No,No,66,569,3193,466,73.104850769,44,36382
570,Post+AC0-,Jeff Rosenstock,us,2018,No,No,52,570,3196,466,73.081855774,222,127933
571,On The Impossible Past,The Menzingers,us,2012,No,No,67,571,3207,464,75.69152832,30,30985
572,Postcards From A Young Man,Manic Street Preachers,uk,2010,No,No,57,572,3210,463,69.386177063,117,12386
573,Harmony Of Difference,Kamasi Washington,us,2017,No,No,53,573,3226,459,79.161399841,119,118876
574,Negro Swan,Blood Orange,uk,2018,No,No,53,574,3234,458,77.384429932,142,138935
575,Relaxer,alt+AC0-J,uk,2017,No,No,54,575,3241,456,71.086196899,221,111922
576,Repave,Volcano Choir,us,2013,No,No,70,576,3242,456,75.801994324,119,45401
577,Forced Witness,Alex Cameron,au,2017,No,No,55,577,3249,455,79.662498474,72,122278
578,Blue +ACY- Lonesome,The Rolling Stones,uk,2016,No,No,44,578,3251,455,74.128181458,163,106221
579,+ACI-Thank U, Next+ACI-,Ariana Grande,us,2019,No,No,33,579,3252,455,69.179267883,271,146863
580,Visions Of A Life,Wolf Alice,uk,2017,No,No,56,580,3253,455,76.397636414,135,119008
581,E+//3//f/9-MO+//3//f/9-TION: Side B,Carly Rae Jepsen,ca,2016,No,No,45,581,3255,455,76.72341156,128,102066
582,From The Fires,Greta Van Fleet,us,2017,No,No,57,582,3256,454,73.359451294,94,124431
583,I'm New Here,Gil Scott+AC0-Heron,us,2010,No,No,58,583,3265,453,77.616775513,77,12872
584,Sweetener,Ariana Grande,us,2018,No,No,54,584,3270,452,69.695404053,130,138919
585,Rattle That Lock,David Gilmour,uk,2015,No,No,61,585,3274,451,76.790138245,106,86980
586,All+AC0-Amerikkkan Bada+ACQAJA-,Joey Bada+ACQAJA-,us,2017,No,No,58,586,3279,450,75.503410339,188,113293
587,Chasing Yesterday,Noel Gallagher's High Flying Birds,uk,2015,No,No,62,587,3280,450,73.067298889,196,76842
588,Leak 04+AC0-13 (Bait Ones),Jai Paul,uk,2019,No,No,34,588,3300,445,74.887832642,100,154498
589,Submarine,Alex Turner,uk,2011,No,No,85,589,3301,445,76.956939697,116,16379
590,Doo+AC0-Wops And Hooligans,Bruno Mars,us,2010,No,No,59,590,3302,445,65.346824646,114,12538
591,A Head Full Of Dreams,Coldplay,uk,2015,No,No,63,591,3308,444,56.735954285,317,89059
592,The Way Out,The Books,us,2010,No,No,60,592,3315,442,76.556854248,72,11387
593,Fetch,Melt+AC0-Banana,jp,2013,No,No,71,593,3322,442,77.258872986,95,48085
594,Revolution Radio,Green Day,us,2016,No,No,46,594,3332,440,62.883358002,173,102572
595,Historian,Lucy Dacus,us,2018,No,No,55,595,3333,440,76.605522156,112,128377
596,Jenny Death: The Powers That B Disc 2,Death Grips,us,2015,No,No,64,596,3334,439,79.651031494,143,77932
597,I See Seaweed,The Drones,au,2013,No,No,72,597,3338,439,77.565322876,70,37709
598,Wildheart,Miguel,us,2015,No,No,65,598,3339,438,76.160552979,102,82893
599,Sketches Of Brunswick East,King Gizzard And The Lizard Wizard With Mild High Club,un,2017,No,No,59,599,3340,438,73.556938171,152,120581
600,Old Ideas,Leonard Cohen,ca,2012,No,No,68,600,3345,437,74.034034729,129,22555
601,Maya,M.I.A.,un,2010,No,No,61,601,3346,437,70.114082336,102,11085
602,At.Long.Last.A+ACQ-AP,A+ACQ-AP Rocky,us,2015,No,No,66,602,3348,437,71.324890137,110,81107
603,Dangerous Woman,Ariana Grande,us,2016,No,No,47,603,3353,436,65.706977844,114,98196
604,Grinderman 2,Grinderman,au,2010,No,No,62,604,3356,436,73.915802002,90,13036
605,Ginger,Brockhampton,us,2019,No,No,35,605,3368,434,74.77772522,159,157738
606,+ACI-The Worse Things Get, The Harder I Fight, The Harder I Fight, The More I Love You+ACI-,Neko Case,us,2013,No,No,73,606,3369,434,78.881896973,88,45703
607,Future Me Hates Me,The Beths,nz,2018,No,No,56,607,3374,433,77.502571106,54,138729
608,Lightning Bolt,Pearl Jam,us,2013,No,No,74,608,3379,433,69.437362671,249,48096
609,Minecraft +AC0- Volume Alpha,C418,de,2011,No,No,86,609,3381,432,78.591323853,52,37955
610,Sirens,Nicolas Jaar,un,2016,No,No,48,610,3382,432,77.240493774,107,103518
611,The Getaway,Red Hot Chili Peppers,us,2016,No,No,49,611,3386,432,68.176963806,286,98403
612,0,+//3//f/9//3//f/9//3//f/9//3//f/9- +AFs-Ichiko Aoba+AF0-,jp,2013,No,No,75,612,3391,432,78.970932007,36,70050
613,Old,Danny Brown,us,2013,No,No,76,613,3395,431,75.303512573,183,48124
614,13,Black Sabbath,uk,2013,No,No,77,614,3398,430,72.145523071,189,42133
615,The Magic Place,Julianna Barwick,us,2011,No,No,87,615,3404,429,77.835510254,67,16658
616,Morbid Stuff,Pup,ca,2019,No,No,36,616,3405,429,72.933280945,101,146014
617,To The Bone,Steven Wilson,uk,2017,No,No,60,617,3406,429,75.834739685,110,117519
618,Hidden,These New Puritans,uk,2010,No,No,63,618,3413,427,69.556480408,110,9521
619,Dark Bird Is Home,The Tallest Man On Earth,se,2015,No,No,67,619,3414,427,73.270378113,134,78918
620,Soft Sounds From Another Planet,Japanese Breakfast,un,2017,No,No,61,620,3417,426,77.381309509,95,118745
621,+//3//f/9//3//f/9//3//f/9//3//f/9- +AFs-Haru To Shura+AF0-,+//3//f/9- +//3//f/9//3//f/9//3//f/9AFs-Haru Nemuri+AF0-,jp,2018,No,No,57,621,3422,424,76.109413147,60,137904
622,MetaL MetaL,Met+//3//Q- Met+//3//Q-,br,2012,No,No,69,622,3423,424,77.119537354,29,55339
623,Ventura,Anderson .Paak,us,2019,No,No,37,623,3424,424,76.498207092,186,151918
624,Dark Eyes,Half Moon Run,ca,2012,No,No,70,624,3427,424,79.601127625,47,43205
625,Futurology,Manic Street Preachers,uk,2014,No,No,57,625,3430,424,74.038131714,89,62759
626,If You Leave,Daughter,uk,2013,No,No,78,626,3434,424,75.034553528,68,38432
627,Floral Shoppe,Macintosh Plus,us,2011,No,No,88,627,3435,423,71.907501221,91,28047
628,Tyranny,Julian Casablancas  The Voidz,us,2014,No,No,58,628,3439,422,73.326774597,95,68021
629,Born And Raised,John Mayer,us,2012,No,No,71,629,3441,422,74.585388184,70,26799
630,Infest The Rats' Nest,King Gizzard +ACY- The Lizard Wizard,au,2019,No,No,38,630,3442,422,76.095428467,177,155563
631,Simple Math,Manchester Orchestra,us,2011,No,No,89,631,3456,421,73.246757507,96,15940
632,You're Nothing,Iceage,dk,2013,No,No,79,632,3459,421,75.277053833,147,36259
633,151a,Kishi Bashi,us,2012,No,No,72,633,3473,417,76.308372498,58,30889
634,Engravings,Forest Swords,uk,2013,No,No,80,634,3483,416,75.511283875,93,44943
635,Oxymoron,ScHoolboy Q,us,2014,No,No,59,635,3485,416,71.462440491,135,56491
636,Choose Your Weapon,Hiatus Kaiyote,au,2015,No,No,68,636,3489,415,74.303878784,59,79966
637,Opposites,Biffy Clyro,uk,2013,No,No,81,637,3490,415,71.355491638,113,36185
638,We Cool?,Jeff Rosenstock,us,2015,No,No,69,638,3493,415,75.435455322,66,77049
639,David Comes To Life,Fucked Up,ca,2011,No,No,90,639,3497,414,71.496948242,102,16399
640,17,XXXTentacion,us,2017,No,No,62,640,3498,414,55.944355011,104,121721
641,Worlds,Porter Robinson,us,2014,No,No,60,641,3505,413,76.878677368,35,64925
642,Camp,Childish Gambino,us,2011,No,No,91,642,3506,413,65.780136108,128,20529
643,Encarnado,Ju+//3//Q-ara Mar+//3//Q-al,br,2014,No,No,61,643,3513,412,77.092773438,52,56256
644,Goodness,The Hotelier,us,2016,No,No,50,644,3515,411,74.435493469,66,98410
645,Emily's D+Evolutio//0-,Esperanza Spalding,us,2016,No,No,51,645,3533,409,76.602310181,106,95145
646,Hope Downs,Rolling Blackouts Coastal Fever,au,2018,No,No,58,646,3536,409,76.131385803,95,135955
647,Slow Focus,Fuck Buttons,uk,2013,No,No,82,647,3541,409,77.711471558,111,42810
648,You're Gonna Miss It All,Modern Baseball,us,2014,No,No,62,648,3542,409,75.940345764,47,55605
649,Interpol,Interpol,us,2010,No,No,64,649,3545,408,68.181472778,207,11918
650,Tape Deck Heart,Frank Turner,uk,2013,No,No,83,650,3559,406,70.412864685,57,40105
651,So Beautiful Or So What,Paul Simon,us,2011,No,No,92,651,3564,405,74.10874176,88,17091
652,Greatest Hits,Remo Drive,us,2017,No,No,63,652,3566,405,76.801078796,47,112872
653,Western Stars,Bruce Springsteen,us,2019,No,No,39,653,3567,405,76.769042969,133,154952
654,Apocalypse,Bill Callahan,us,2011,No,No,93,654,3572,403,78.037315369,90,15233
655,Paradise,Lana Del Rey,us,2012,No,No,73,655,3577,403,76.62537384,88,101085
656,Cocoa Sugar,Young Fathers,uk,2018,No,No,59,656,3583,402,74.749389648,140,129636
657,Let's Rock,The Black Keys,us,2019,No,No,40,657,3587,401,71.662635803,159,152734
658,Artpop,Lady Gaga,us,2013,No,No,84,658,3589,401,61.867938995,144,50179
659,Once More 'Round The Sun,Mastodon,us,2014,No,No,63,659,3596,400,74.045982361,114,61099
660,IV,BADBADNOTGOOD,ca,2016,No,No,52,660,3598,400,75.77217865,111,98380
661,Freetown Sound,Blood Orange,uk,2016,No,No,53,661,3616,397,77.009857178,161,99654
662,Philharmonics,Agnes Obel,dk,2010,No,No,65,662,3617,397,77.458259583,46,29843
663,Human Performance,Parquet Courts,us,2016,No,No,54,663,3628,396,74.452758789,178,95597
664,Devotion,Jessie Ware,uk,2012,No,No,74,664,3635,395,73.111938477,124,29352
665,The Haunted Man,Bat For Lashes,uk,2012,No,No,75,665,3640,394,73.93473053,133,30929
666,Everybody Down,Kate Tempest,uk,2014,No,No,64,666,3647,393,80.377685547,52,67836
667,Gemini,Wild Nothing,us,2010,No,No,66,667,3652,392,77.226638794,92,15989
668,Cigarettes After Sex,Cigarettes After Sex,us,2017,No,No,64,668,3653,392,75.072998047,96,114781
669,Forever Dolphin Love,Connan Mockasin,nz,2011,No,No,94,669,3655,392,77.72530365,24,72033
670,B4.Da.+ACQAJA-,Joey Bada+ACQAJA-,us,2015,No,No,70,670,3658,392,75.57106781,127,74516
671,Natalie Prass,Natalie Prass,us,2015,No,No,71,671,3661,391,73.696075439,129,74560
672,Eye Contact,Gang Gang Dance,us,2011,No,No,95,672,3664,391,74.48690033,94,15979
673,The Now Now,Gorillaz,uk,2018,No,No,60,673,3678,389,69.210678101,241,136292
674,Young The Giant,Young The Giant,us,2010,No,No,67,674,3679,389,72.037986755,61,16970
675,A Laughing Death In Meatspace,Tropical Fuck Storm,au,2018,No,No,61,675,3682,388,76.156799316,111,134419
676,Man Alive,Everything Everything,uk,2010,No,No,68,676,3686,388,73.708717346,78,13234
677,Spaces,Nils Frahm,de,2013,No,Yes,85,677,3694,387,78.6355896,76,51228
678,All We Love We Leave Behind,Converge,us,2012,No,No,76,678,3707,385,77.581466675,87,31269
679,+//3//Q- (Divide),Ed Sheeran,uk,2017,No,No,65,679,3709,385,44.988407135,191,108969
680,Wonderful Wonderful,The Killers,us,2017,No,No,66,680,3722,384,69.648254395,155,119995
681,After The Disco,Broken Bells,us,2014,No,No,65,681,3724,383,69.472160339,148,53534
682,Colors,Beck,us,2017,No,No,67,682,3726,383,68.876182556,132,121719
683,Something More Than Free,Jason Isbell,us,2015,No,No,72,683,3730,383,76.072807312,110,82649
684,Immersion,Pendulum,au,2010,No,No,69,684,3735,382,64.800704956,77,12803
685,We Must Become The Pitiless Censors Of Ourselves,John Maus,us,2011,No,No,96,685,3739,382,75.994590759,53,16993
686,Whack World,Tierra Whack,us,2018,No,No,62,686,3740,382,73.99634552,82,136713
687,The Promise,Bruce Springsteen,us,2010,Yes,No,70,687,3741,382,77.769020081,132,12761
688,Blood Pressures,The Kills,un,2011,No,No,97,688,3743,382,76.771484375,80,15670
689,Everybody Works,Jay Som,us,2017,No,No,68,689,3749,381,74.01675415,90,112138
690,The Terror,The Flaming Lips,us,2013,No,No,86,690,3751,381,72.478683472,219,37141
691,Preoccupations,Preoccupations,ca,2016,No,No,55,691,3758,380,75.192070007,109,100916
692,Wildlife,La Dispute,us,2011,No,No,98,692,3760,379,75.699386597,52,20149
693,Sun,Cat Power,us,2012,No,No,77,693,3768,379,75.694595337,112,28658
694,God Willin' +ACY- The Creek Don't Rise,Ray LaMontagne And The Pariah Dogs,us,2010,No,No,71,694,3771,378,77.579368591,55,11518
695,The Dream Is Over,Pup,ca,2016,No,No,56,695,3775,378,76.508476257,69,98409
696,Coin Coin Chapter One: Gens De Couleur Libres,Matana Roberts,us,2011,No,Yes,99,696,3777,377,73.752807617,48,16661
697,Oceania,The Smashing Pumpkins,us,2012,No,No,78,697,3786,376,68.727386475,204,26616
698,So The Flies Don't Come,Milo,us,2015,No,No,73,698,3787,376,76.373954773,73,87533
699,+ACI-Bark Your Head Off, Dog+ACI-,Hop Along,us,2018,No,No,63,699,3790,376,76.072807312,112,129645
700,Megalithic Symphony,Awolnation,us,2011,No,No,100,700,3803,374,71.415382385,59,18574
701,while(1+ADw-2),deadmau5,ca,2014,No,No,66,701,3804,374,71.614723206,36,61947
702,Emperor Of Sand,Mastodon,us,2017,No,No,69,702,3821,372,74.778862,91,110523
703,House Of Sugar,(Sandy) Alex G,us,2019,No,No,41,703,3826,371,76.089500427,99,157511
704,Pang,Caroline Polachek,us,2019,No,No,42,704,3839,369,76.284996033,66,160539
705,Eat The Elephant,A Perfect Circle,us,2018,No,No,64,705,3843,369,74.210876465,70,130134
706,Pedestrian Verse,Frightened Rabbit,uk,2013,No,No,87,706,3844,369,73.676681519,57,36424
707,Rainbow,Kesha,us,2017,No,No,70,707,3854,367,70.443107605,76,121049
708,Collapse Into Now,R.E.M.,us,2011,No,No,101,708,3857,367,70.713378906,199,13981
709,Compton,Dr. Dre,us,2015,No,No,74,709,3858,367,70.958824158,146,85252
710,Faces,Mac Miller,us,2014,No,No,67,710,3860,367,78.906349182,48,61617
711,Kiss Each Other Clean,Iron +ACY- Wine,us,2011,No,No,102,711,3868,366,71.814468384,135,13809
712,Plays The Music Of Twin Peaks,Xiu Xiu,us,2016,No,No,57,712,3873,365,77.922103882,99,97353
713,A Winged Victory For The Sullen,A Winged Victory For The Sullen,us,2011,No,No,103,713,3877,365,79.706115723,49,26342
714,The Hunter,Mastodon,us,2011,No,No,104,714,3878,365,75.394966125,138,18872
715,Take Me Apart,Kelela,us,2017,No,No,71,715,3881,365,75.249160767,101,122733
716,Oshin,DIIV,us,2012,No,No,79,716,3890,364,73.277748108,124,23837
717,Night Thoughts,Suede,uk,2016,No,No,58,717,3896,363,73.408615112,137,93015
718,Cupid Deluxe,Blood Orange,uk,2013,No,No,88,718,3900,363,76.643768311,92,50019
719,Present Tense,Wild Beasts,uk,2014,No,No,68,719,3905,362,75.236656189,131,55730
720,X,Ed Sheeran,uk,2014,No,No,69,720,3910,361,59.337070465,167,62310
721,La La Land (Original Motion Picture Soundtrack),Various Artists,un,2016,No,No,59,721,3916,361,78.067382812,76,107474
722,Jesus Is King,Kanye West,us,2019,No,No,43,722,3925,359,60.59746933,279,161206
723,Fanfare,Jonathan Wilson,us,2013,No,No,89,723,3926,359,76.863067627,29,48851
724,My Father Will Guide Me Up A Rope To The Sky,Swans,us,2010,No,No,72,724,3928,359,75.263298035,172,12337
725,Break It Yourself,Andrew Bird,us,2012,No,No,80,725,3929,359,75.435188293,112,22915
726,Broke With Expensive Taste,Azealia Banks,us,2014,No,No,70,726,3932,358,74.323730469,62,60075
727,Concrete And Gold,Foo Fighters,us,2017,No,No,72,727,3933,358,70.721534729,162,117755
728,Classical Curves,Jam City,uk,2012,No,No,81,728,3939,358,74.323059082,23,33219
729,The Hope Six Demolition Project,PJ Harvey,uk,2016,No,No,60,729,3940,358,73.573753357,218,95784
730,Watching Movies With The Sound Off,Mac Miller,us,2013,No,No,90,730,3942,357,76.560714722,77,42535
731,Woman,Rhye,us,2013,No,No,91,731,3943,357,74.55405426,141,37710
732,Cancer For Cure,El+AC0-P,us,2012,No,No,82,732,3946,357,76.988517761,108,25476
733,VEGA INTL. Night School,Neon Indian,us,2015,No,No,75,733,3958,355,76.426437378,84,88067
734,Happiness,Hurts,uk,2010,No,No,73,734,3965,355,68.648048401,62,11870
735,Revelator,Tedeschi Trucks Band,us,2011,No,No,105,735,3969,354,76.691497803,30,21817
736,Sunbathing Animal,Parquet Courts,us,2014,No,No,71,736,3981,354,74.043228149,145,61080
737,King Animal,Soundgarden,us,2012,No,No,83,737,3983,353,70.530410767,128,30194
738,The Mountain,Haken,uk,2013,No,No,92,738,3984,353,80.531944275,43,50866
739,And Nothing Hurt,Spiritualized,uk,2018,No,No,65,739,3985,353,74.30128479,116,138936
740,Leave Me Alone,Hinds,es,2016,No,No,61,740,3988,353,66.016464233,92,92126
741,The Nashville Sound,Jason Isbell And The 400 Unit,us,2017,No,No,73,741,3989,353,76.754730225,77,117169
742,The Satanist,Behemoth,pl,2014,No,No,72,742,3993,352,72.531654358,75,55505
743,Who Built The Moon?,Noel Gallagher's High Flying Birds,uk,2017,No,No,74,743,3997,352,73.725662231,88,122914
744,ZUU,Denzel Curry,us,2019,No,No,44,744,3999,351,76.29083252,150,154141
745,Dedicated,Carly Rae Jepsen,ca,2019,No,No,45,745,4003,351,72.689498901,136,152480
746,Sun Coming Down,Ought,ca,2015,No,No,76,746,4004,351,76.643768311,93,85598
747,Care For Me,Saba,us,2018,No,No,66,747,4007,351,77.028800964,121,133746
748,+ACI-Audio, Video, Disco+ACI-,Justice,fr,2011,No,No,106,748,4016,349,70.547821045,78,19142
749,Brick Body Kids Still Daydream,Open Mike Eagle,us,2017,No,No,75,749,4017,349,78.501655579,85,121208
750,Drogas Wave,Lupe Fiasco,us,2018,No,No,67,750,4020,349,75.553222656,41,140055
751,Let Them Eat Chaos,Kate Tempest,uk,2016,No,No,62,751,4028,349,80.818748474,36,103009
752,III,Crystal Castles,ca,2012,No,No,84,752,4029,348,75.526634216,92,32457
753,How To Leave Town,Car Seat Headrest,us,2014,No,No,73,753,4031,348,79.251792908,81,70084
754,Stay Gold,First Aid Kit,se,2014,No,No,74,754,4041,347,74.243392944,80,59076
755,Kaleidoscope Dream,Miguel,us,2012,No,No,85,755,4051,346,76.286514282,97,31356
756,The Weight Of Your Love,Editors,uk,2013,No,No,93,756,4056,346,70.529563904,80,42163
757,Earl,Earl Sweatshirt,us,2010,No,No,74,757,4057,346,75.795822144,121,15208
758,Painting Of A Panic Attack,Frightened Rabbit,uk,2016,No,No,63,758,4059,346,74.719604492,34,96383
759,Down The Way,Angus +ACY- Julia Stone,au,2010,No,No,75,759,4061,345,74.230392456,73,9788
760,Heartland,Owen Pallett,ca,2010,No,No,76,760,4063,345,74.222122192,84,8363
761,Sea Of Cowards,The Dead Weather,us,2010,No,No,77,761,4067,345,75.618080139,148,10410
762,Painting With,Animal Collective,us,2016,No,No,64,762,4072,344,67.490867615,252,90699
763,Pleasure,Feist,ca,2017,No,No,76,763,4074,344,75.480491638,111,113942
764,EP's 1988+AC0-1991,My Bloody Valentine,un,2012,Yes,No,86,764,4078,344,83.735054016,151,23540
765,In Evening Air,Future Islands,us,2010,No,No,78,765,4083,343,77.941452026,47,12941
766,Cilvia Demo,Isaiah Rashad,us,2014,No,No,75,766,4094,342,79.768791199,67,55335
767,Chris,Christine And The Queens,fr,2018,No,No,68,767,4097,342,72.56703949,67,139066
768,Mechanical Bull,Kings Of Leon,us,2013,No,No,94,768,4107,341,69.087600708,150,47445
769,Control System,Ab+AC0-Soul,us,2012,No,No,87,769,4110,340,76.193695068,77,28204
770,Interstellar,Hans Zimmer,de,2014,No,No,76,770,4117,340,78.96661377,61,86175
771,Paralytic Stalks,of Montreal,us,2012,No,No,88,771,4127,339,69.424827576,81,21815
772,+ACI-Asunder, Sweet And Other Distress+ACI-,Godspeed You+ACE- Black Emperor,ca,2015,No,No,77,772,4129,339,73.876724243,230,78223
773,The Practice Of Love,Jenny Hval,no,2019,No,No,46,773,4137,338,75.034988403,67,156674
774,Nothing But Thieves,Nothing But Thieves,uk,2015,No,No,78,774,4141,337,78.265426636,50,88420
775,M3LL155X,FKA Twigs,uk,2015,No,No,79,775,4148,337,77.659561157,134,85602
776,Chuck Person's Eccojams Vol. 1,Chuck Person,us,2010,No,No,79,776,4152,337,73.845428467,31,41539
777,Fuck Off Get Free We Pour Light On Everything,Thee Silver Mt. Zion Memorial Orchestra,ca,2014,No,No,77,777,4153,337,73.497520447,129,53505
778,Talking Is Hard,Walk The Moon,us,2014,No,No,78,778,4155,336,66.470863342,36,71961
779,Egypt Station,Paul McCartney,uk,2018,No,No,69,779,4161,336,70.558677673,130,138137
780,Broken Machine,Nothing But Thieves,uk,2017,No,No,77,780,4175,335,80.597770691,53,122420
781,All Bitches Die,Lingua Ignota,us,2017,No,No,78,781,4179,334,77.087211609,32,126279
782,Kelly Lee Owens,Kelly Lee Owens,uk,2017,No,No,79,782,4182,334,74.90473175,68,112510
783,Hummingbird,Local Natives,us,2013,No,No,95,783,4189,333,71.726852417,149,35975
784,Hitchhiker,Neil Young,ca,2017,No,No,80,784,4191,333,79.266044617,110,118875
785,Plunge,Fever Ray,se,2017,No,No,81,785,4206,331,72.501609802,95,124340
786,Synthetica,Metric,ca,2012,No,No,89,786,4212,330,68.919776917,96,26365
787,The Heist,Macklemore +ACY- Ryan Lewis,us,2012,No,No,90,787,4213,330,67.301856995,131,31226
788,A Sufi And A Killer,Gonjasufi,us,2010,No,No,80,788,4228,327,76.312927246,73,9805
789,Pale Green Ghosts,John Grant,us,2013,No,No,96,789,4230,327,73.453933716,97,38076
790,The Front Bottoms,The Front Bottoms,us,2011,No,No,107,790,4236,327,78.096328735,28,42668
791,Simulation Theory,Muse,uk,2018,No,No,70,791,4238,326,64.632446289,147,139313
792,Phantom Thread,Jonny Greenwood,uk,2018,No,No,71,792,4239,326,77.213409424,131,128268
793,Rocket,(Sandy) Alex G,us,2017,No,No,82,793,4241,326,74.563827515,110,114567
794,Girls In Peacetime Want To Dance,Belle And Sebastian,uk,2015,No,No,80,794,4247,325,71.031570435,204,73592
795,Nepenthe,Julianna Barwick,us,2013,No,No,97,795,4250,325,73.85080719,66,45064
796,Murder Of The Universe,King Gizzard +ACY- The Lizard Wizard,au,2017,No,No,83,796,4252,325,72.808189392,171,113857
797,High As Hope,Florence  The Machine,uk,2018,No,No,72,797,4254,325,74.262619019,124,134915
798,The Defamation Of Strickland Banks,Plan B,uk,2010,No,No,81,798,4258,324,74.407279968,54,13651
799,The Family Tree: The Roots,Radical Face,us,2011,No,No,108,799,4259,324,77.656387329,23,19641
800,Strangeland,Keane,uk,2012,No,No,91,800,4266,323,65.476600647,90,25760
801,Aromanticism,Moses Sumney,us,2017,No,No,84,801,4269,323,77.047073364,89,119058
802,I Bet On Sky,Dinosaur Jr.,us,2012,No,No,92,802,4279,322,74.731964111,93,30418
803,The Unnatural World,Have A Nice Life,us,2014,No,No,79,803,4283,322,73.537528992,104,54638
804,Andrew McMahon In The Wilderness,Andrew McMahon In The Wilderness,us,2014,No,No,80,804,4284,322,71.537467957,21,87543
805,Street Halo / Kindred,Burial,uk,2012,Yes,No,93,805,4288,322,79.060035706,51,38859
806,Planetarium,Sufjan Stevens / Nico Muhly / Bryce Dessner / James McAlister,us,2017,No,No,85,806,4297,321,73.382507324,112,113546
807,Reputation,Taylor Swift,us,2017,No,No,86,807,4298,321,53.4465065,146,124839
808,Sucker,Charli XCX,uk,2014,No,No,81,808,4301,320,71.033279419,72,72134
809,Nobody Wants To Be Here And Nobody Wants To Leave,The Twilight Sad,uk,2014,No,No,82,809,4305,320,73.957756042,70,69169
810,Delta Machine,Depeche Mode,uk,2013,No,No,98,810,4307,320,68.769844055,190,38414
811,What We Saw From The Cheap Seats,Regina Spektor,un,2012,No,No,94,811,4308,320,71.783241272,71,26308
812,+ACI-Love, Fear And The Time Machine+ACI-,Riverside,pl,2015,No,No,81,812,4310,320,78.011207581,49,86372
813,Seeds,TV On The Radio,us,2014,No,No,83,813,4314,319,69.933280945,101,68915
814,Creep On Creepin' On,Timber Timbre,ca,2011,No,No,109,814,4319,318,74.963989258,55,17191
815,Lisbon,The Walkmen,us,2010,No,No,82,815,4324,318,75.169776917,95,12411
816,Lotta Sea Lice,Courtney Barnett +ACY- Kurt Vile,un,2017,No,No,87,816,4328,318,74.581428528,130,121959
817,Holding Hands With Jamie,Girl Band (IE),ie,2015,No,No,82,817,4333,317,75.969566345,35,87281
818,Gore,Deftones,us,2016,No,No,65,818,4344,316,70.772216797,112,96631
819,So There,Ben Folds,us,2015,No,No,83,819,4345,316,71.0206604,22,86123
820,Brill Bruisers,The New Pornographers,ca,2014,No,No,84,820,4346,316,74.930793762,99,66090
821,Slaughterhouse,Ty Segall Band,us,2012,No,No,95,821,4351,316,77.418457031,80,27642
822,We're Here Because We're Here,Anathema,uk,2010,No,No,83,822,4352,316,80.900939941,55,16255
823,Black Metal,Dean Blunt,uk,2014,No,No,85,823,4354,315,75.20753479,52,69790
824,Man It Feels Like Space Again,Pond,au,2015,No,No,84,824,4361,315,74.522636414,153,74603
825,The Devil Put Dinosaurs Here,Alice In Chains,us,2013,No,No,99,825,4371,314,69.433288574,102,41492
826,Jaime,Brittany Howard,us,2019,No,No,47,826,4372,314,75.779220581,64,156508
827,Flow State,Tash Sultana,au,2018,No,No,73,827,4377,313,80.083145142,23,139324
828,The Winter Of Mixed Drinks,Frightened Rabbit,uk,2010,No,No,84,828,4382,313,74.403709412,62,9372
829,The Sciences,Sleep,us,2018,No,No,74,829,4388,312,75.581283569,116,134310
830,Sound +ACY- Fury,Sturgill Simpson,us,2019,No,No,48,830,4395,311,74.292694092,64,158019
831,Half Free,U.S. Girls,us,2015,No,No,85,831,4399,311,76.756118774,59,87521
832,Floating Coffin,Thee Oh Sees,us,2013,No,No,100,832,4402,310,77.441703796,75,39345
833,Four,Bloc Party,uk,2012,No,No,96,833,4403,310,68.229743958,94,29412
834,Youth,Citizen,us,2013,No,No,101,834,4404,310,76.580032349,17,42652
835,Kiss Land,The Weeknd,ca,2013,No,No,102,835,4411,310,69.915626526,79,46611
836,American Band,Drive+AC0-By Truckers,us,2016,No,No,66,836,4412,309,73.835502625,66,103561
837,Belong,The Pains Of Being Pure At Heart,us,2011,No,No,110,837,4416,309,72.405448914,149,15379
838,PUP,Pup,ca,2013,No,No,103,838,4420,309,75.218887329,25,59467
839,Merrie Land,+ACI-The Good, The Bad +ACY- The Queen+ACI-,un,2018,No,No,75,839,4426,308,76.438179016,44,141459
840,Pageant Material,Kacey Musgraves,us,2015,No,No,86,840,4430,308,77.215202332,87,82363
841,El Objeto Antes Llamado Disco,Caf+//3//Q- Tacuba,mx,2012,No,No,97,841,4434,308,77.451248169,38,33328
842,Hug Of Thunder,Broken Social Scene,ca,2017,No,No,88,842,4439,307,75.471130371,123,117363
843,Fishing For Fishies,King Gizzard +ACY- The Lizard Wizard,au,2019,No,No,49,843,4440,307,74.612976074,166,150430
844,Lover,Taylor Swift,us,2019,No,No,50,844,4444,307,66.55846405,107,157796
845,Blak And Blu,+ACI-Gary Clark, Jr.+ACI-,us,2012,No,No,98,845,4448,307,73.827232361,73,31710
846,Blossoms,Blossoms,uk,2016,No,No,67,846,4453,307,74.647453308,26,101037
847,Gentle Spirit,Jonathan Wilson,us,2011,No,No,111,847,4460,306,78.479545593,32,18532
848,Bon Voyage,Melody's Echo Chamber,fr,2018,No,No,76,848,4461,306,75.655204773,79,134418
849,Tales Of Us,Goldfrapp,uk,2013,No,No,104,849,4468,305,76.063812256,64,47178
850,Ballads 1,Joji,un,2018,No,No,77,850,4470,305,69.864082336,44,141566
851,Sempiternal,Bring Me The Horizon,uk,2013,No,No,105,851,4475,304,67.983894348,73,39552
852,Rival Dealer,Burial,uk,2013,No,No,106,852,4480,304,77.960708618,128,52248
853,Barton Hollow,The Civil Wars,us,2011,No,No,112,853,4487,303,75.721374512,63,16191
854,Sex +ACY- Food,Unknown Mortal Orchestra,un,2018,No,No,78,854,4491,303,72.817481995,85,132805
855,High Hopes,Bruce Springsteen,us,2014,No,No,86,855,4493,303,66.943847656,178,53536
856,Wondrous Bughouse,Youth Lagoon,us,2013,No,No,107,856,4497,303,72.221481323,153,37372
857,2020,Richard Dawson,uk,2019,No,No,51,857,4515,301,76.470787048,72,157513
858,+//3//Q-IN,John Talabot,es,2012,No,No,99,858,4516,301,75.68547821,97,22641
859,Never Hungover Again,Joyce Manor,us,2014,No,No,87,859,4536,300,75.583267212,47,63230
860,Zaba,Glass Animals,uk,2014,No,No,88,860,4547,299,76.142051697,59,61674
861,Strange Cacti,Angel Olsen,us,2010,No,No,85,861,4551,298,76.826301575,38,52570
862,Parallax,Atlas Sound,us,2011,No,No,113,862,4559,298,75.119445801,97,19618
863,Hasta La Ra+//3//Q-z,Natalia Lafourcade,mx,2015,No,No,87,863,4563,298,78.065681458,62,77487
864,Becoming A Jackal,Villagers,ie,2010,No,No,86,864,4565,297,74.179763794,67,12357
865,Celebration Day,Led Zeppelin,uk,2012,No,Yes,100,865,4573,297,78.097389221,121,32967
866,Warpaint,Warpaint,us,2014,No,No,89,866,4574,296,71.172851562,153,53535
867,Niggas On The Moon: The Powers That B Disc 1,Death Grips,us,2014,No,No,90,867,4577,296,76.739463806,142,61657
868,Obsidian,Baths,us,2013,No,No,108,868,4579,296,74.007118225,84,41722
869,Ne+//3//Q- Wax Bloom,Iglooghost,uk,2017,No,No,89,869,4591,295,76.936416626,75,123094
870,Platform,Holly Herndon,us,2015,No,No,88,870,4594,295,70.207778931,76,79416
871,Invasion Of Privacy,Cardi B,us,2018,No,No,79,871,4595,295,65.253158569,121,133748
872,Tunes 2011+AC0-2019,Burial,uk,2019,Yes,No,52,872,4602,294,81.647460938,25,161195
873,Heritage,Opeth,se,2011,No,No,114,873,4609,294,73.527015686,108,18564
874,+ACI-By The Way, I Forgive You+ACI-,Brandi Carlile,us,2018,No,No,80,874,4613,293,74.139259338,45,130671
875,Halcyon,Ellie Goulding,uk,2012,No,No,101,875,4622,293,72.672203064,50,31105
876,The Albatross,Foxing,us,2013,No,No,109,876,4629,293,75.063362122,33,51450
877,American Teen,Khalid,us,2017,No,No,90,877,4632,292,68.957473755,46,111561
878,Carrie +ACY- Lowell Live,Sufjan Stevens,us,2017,No,Yes,91,878,4637,292,81.219306946,109,114709
879,Prequelle,Ghost (SE),se,2018,No,No,81,879,4645,291,75.143859863,80,134089
880,Forget,Xiu Xiu,us,2017,No,No,92,880,4656,290,75.979667664,105,108262
881,Masterpiece,Big Thief,us,2016,No,No,68,881,4663,289,78.297874451,57,97844
882,At Least For Now,Benjamin Clementine,uk,2015,No,No,89,882,4664,289,71.883865356,80,74613
883,Act IV: Rebirth In Reprise,The Dear Hunter,us,2015,No,No,90,883,4671,289,79.504600525,25,86565
884,Fade,Yo La Tengo,us,2013,No,No,110,884,4679,289,73.597389221,123,35300
885,Purple,Baroness,us,2015,No,No,91,885,4681,289,74.920272827,83,90951
886,Marrow Of The Spirit,Agalloch,us,2010,No,No,87,886,4684,288,76.369667053,56,21266
887,Konnichiwa,Skepta,uk,2016,No,No,69,887,4685,288,74.264793396,103,97571
888,Zonoscope,Cut Copy,au,2011,No,No,115,888,4689,288,73.434257507,135,13966
889,Girl With Basket Of Fruit,Xiu Xiu,us,2019,No,No,53,889,4691,288,71.846481323,118,144489
890,Is The Is Are,DIIV,us,2016,No,No,70,890,4696,288,72.277755737,161,92388
891,Strangers To Ourselves,Modest Mouse,us,2015,No,No,92,891,4700,287,69.681289673,267,75348
892,World Peace Is None Of Your Business,Morrissey,uk,2014,No,No,91,892,4701,287,69.043518066,97,62816
893,Last Night On Earth,Noah And The Whale,uk,2011,No,No,116,893,4704,287,66.594749451,93,14661
894,Superorganism,Superorganism,un,2018,No,No,82,894,4706,286,73.272148132,112,128358
895,Echoes Of Silence,The Weeknd,ca,2011,No,No,117,895,4711,286,77.014068604,111,21591
896,Odd Soul,Mutemath,us,2011,No,No,118,896,4717,285,76.370948792,43,19300
897,Nothing Is Wrong,Dawes,us,2011,No,No,119,897,4719,285,76.017837524,27,17139
898,The Weight Of These Wings,Miranda Lambert,us,2016,No,No,71,898,4723,285,74.218887329,25,105851
899,Designer,Aldous Harding,nz,2019,No,No,54,899,4730,285,74.921104431,84,149591
900,Birds In The Trap Sing McKnight,Travis Scott,us,2016,No,No,72,900,4734,285,70.681243896,106,102389
901,Nikki Nack,Tune+AC0-Yards,us,2014,No,No,92,901,4742,284,75.402770996,160,60012
902,18 Months,Calvin Harris,uk,2012,No,No,102,902,4745,284,70.775634766,46,31351
903,Black Origami,Jlin,us,2017,No,No,93,903,4749,284,72.126609802,92,115423
904,Israel Nash's Rain Plans,Israel Nash,us,2013,No,No,111,904,4750,284,77.160713196,19,49842
905,Government Plates,Death Grips,us,2013,No,No,112,905,4752,283,72.949180603,216,50619
906,Itekoma Hits,+//3//f/9//3//f/9//3//f/9//3//f/9//3//f/9//3//f/9//3//f/9//3//f/9- +AFs-Otoboke Beaver+AF0-,jp,2019,No,No,55,906,4760,283,74.689338684,79,153300
907,Endgame,Rise Against,us,2011,No,No,120,907,4770,282,73.661743164,60,29009
908,Low In High School,Morrissey,uk,2017,No,No,94,908,4773,282,70.5884552,56,122747
909,48:13,Kasabian,uk,2014,No,No,93,909,4782,282,67.558074951,124,61457
910,Oneirology,CunninLynguists,us,2011,No,No,121,910,4785,282,77.503250122,40,16789
911,Paper M+//3//Q-ch+//3//Q- Dream Balloon,King Gizzard +ACY- The Lizard Wizard,au,2015,No,No,93,911,4790,281,76.922805786,125,89969
912,Meshes Of Voice,Susanna / Jenny Hval,no,2014,No,No,94,912,4796,281,75.572975159,48,65899
913,Algiers,Algiers,us,2015,No,No,94,913,4797,281,74.975875854,89,81813
914,50 Song Memoir,The Magnetic Fields,us,2017,No,No,95,914,4799,281,74.544746399,84,108477
915,Antiphon,Midlake,us,2013,No,No,113,915,4801,281,76.321113586,45,50066
916,I Forget Where We Were,Ben Howard,uk,2014,No,No,95,916,4803,280,77.284942627,61,69138
917,Indie Cindy,Pixies,us,2014,No,No,96,917,4805,280,59.849819183,172,58447
918,From Kinshasa,Mbongwana Star,cd,2015,No,No,95,918,4807,280,75.191818237,56,80734
919,Love This Giant,David Byrne +ACY- St. Vincent,un,2012,No,No,103,919,4813,280,73.678337097,75,28673
920,Tron: Legacy (Original Motion Picture Soundtrack),Daft Punk,fr,2010,No,No,88,920,4814,280,69.290184021,107,13709
921,The Race For Space,Public Service Broadcasting,uk,2015,No,No,96,921,4817,280,72.712806702,26,76628
922,Hi This Is Flume,Flume,au,2019,No,No,56,922,4820,280,77.131660461,73,151061
923,Lonely Avenue,Ben Folds +ACY- Nick Hornby,un,2010,No,No,89,923,4845,278,75.351661682,26,12694
924,Life Is People,Bill Fay,uk,2012,No,No,104,924,4846,278,76.740036011,49,30544
925,The Ghosts Of Highway 20,Lucinda Williams,us,2016,No,No,73,925,4853,278,73.495033264,59,93118
926,II,Moderat,de,2013,No,No,114,926,4854,277,76.160400391,45,43715
927,Ryan Adams,Ryan Adams,us,2014,No,No,97,927,4859,277,76.467353821,79,67008
928,Hang,Foxygen,us,2017,No,No,96,928,4875,276,70.998207092,180,105134
929,Universal Themes,Sun Kil Moon,us,2015,No,No,97,929,4876,276,71.012184143,127,79619
930,The Social Network,Trent Reznor +ACY- Atticus Ross,un,2010,No,No,90,930,4887,275,76.968849182,67,14654
931,The Head And The Heart,The Head And The Heart,us,2010,No,No,91,931,4889,275,73.771018982,57,18868
932,American Football (2019),American Football,us,2019,No,No,57,932,4893,274,74.104324341,123,145259
933,Skelethon,Aesop Rock,us,2012,No,No,105,933,4899,274,76.822937012,73,28206
934,Past Life Martyred Saints,EMA,us,2011,No,No,122,934,4901,274,75.952758789,107,16070
935,Surf,Donnie Trumpet +ACY- The Social Experiment,us,2015,No,No,98,935,4902,274,71.934822083,120,81271
936,Le Noise,Neil Young,ca,2010,No,No,92,936,4904,274,71.153625488,120,16496
937,Civilian,Wye Oak,us,2011,No,No,123,937,4905,274,76.274765015,49,19040
938,Joyce Manor,Joyce Manor,us,2011,No,No,124,938,4908,273,75.156326294,39,20154
939,Evanescence,Evanescence,us,2011,No,No,125,939,4910,273,66.927848816,64,29014
940,The Party,Andy Shauf,ca,2016,No,No,74,940,4913,273,75.435806274,42,98392
941,Cults,Cults,us,2011,No,No,126,941,4917,272,72.720718384,142,16085
942,Con Todo El Mundo,Khruangbin,us,2018,No,No,83,942,4918,272,74.759178162,62,128520
943,Little Fictions,Elbow,uk,2017,No,No,97,943,4927,272,69.058898926,121,108470
944,Torres,Torres,us,2013,No,No,115,944,4936,271,75.779220581,65,36051
945,Returnal,Oneohtrix Point Never,us,2010,No,No,93,945,4941,271,74.711013794,51,19361
946,Product,SOPHIE,uk,2015,Yes,No,99,946,4947,270,73.752807617,48,87507
947,Another Language,This Will Destroy You,us,2014,No,No,98,947,4948,270,76.254737854,24,67970
948,Everything Not Saved Will Be Lost +AC0- Part 1,Foals,uk,2019,No,No,58,948,4964,270,75.722183228,149,146251
949,Don't Explain,Joe Bonamassa +ACY- Beth Hart,us,2011,No,No,127,949,4969,269,71.985862732,14,34390
950,More Life,Drake,ca,2017,No,No,98,950,4972,269,60.855026245,152,112693
951,Save Rock And Roll,Fall Out Boy,us,2013,No,No,116,951,4977,269,60.76902771,117,39972
952,FIDLAR,FIDLAR,us,2013,No,No,117,952,4978,269,73.704551697,71,36008
953,Splendor +ACY- Misery,Clipping.,us,2016,No,No,75,953,4982,268,74.527313232,69,102733
954,Cerulean,Baths,us,2010,No,No,94,954,4988,268,74.970397949,71,19392
955,Songs Of Experience,U2,ie,2017,No,No,99,955,4989,268,64.666595459,119,124593
956,Harmlessness,The World Is A Beautiful Place And I Am No Longer Afraid To Die,us,2015,No,No,100,956,4991,268,74.666603088,58,86448
957,Schmilco,Wilco,us,2016,No,No,76,957,4993,267,71.004379272,143,102001
958,Alps,Motorama,ru,2010,No,No,95,958,4994,267,75.383636475,24,34853
959,Mr. Misunderstood,Eric Church,us,2015,No,No,101,959,4996,267,74.559341431,18,89609
960,My Everything,Ariana Grande,us,2014,No,No,99,960,4997,267,64.678337097,75,66178
961,Freudian,Daniel Caesar,ca,2017,No,No,100,961,4998,267,74.638771057,39,121749
962,Dark Comedy,Open Mike Eagle,us,2014,No,No,100,962,5002,267,77.140007019,61,61965
963,World Psychedelic Classics 5: Who Is William Onyeabor?,William Onyeabor,ng,2013,Yes,No,118,963,5003,267,78.475212097,44,52462
964,Somewhere Else,Lydia Loveless,us,2014,No,No,101,964,5004,267,71.372924805,33,56246
965,Who Told You To Think+//3//f/9-?+//3//f/9-?+//3//f/9ACH//f/9//0AIf/9//3//Q-?+//3//f/9ACH//f/9//0-?+//3//f/9ACH//f/9//0-?+//3//f/9ACE-,Milo,us,2017,No,No,101,965,5006,267,76.289100647,58,119468
966,Matangi,M.I.A.,un,2013,No,No,119,966,5009,266,74.594146729,84,49805
967,Get Disowned,Hop Along,us,2012,No,No,106,967,5012,266,75.965705872,29,43306
968,Never Trust A Happy Song,Grouplove,us,2011,No,No,128,968,5022,266,73.299446106,60,21989
969,FROOT,Marina And The Diamonds,uk,2015,No,No,102,969,5023,266,77.059082031,53,77878
970,III,BADBADNOTGOOD,ca,2014,No,No,102,970,5034,265,77.329399109,77,58952
971,Joanne,Lady Gaga,us,2016,No,No,77,971,5040,265,66.846511841,117,103759
972,The Talkies,Girl Band (IE),ie,2019,No,No,59,972,5053,264,73.128639221,34,158959
973,California,Blink+AC0-182,us,2016,No,No,78,973,5055,263,62.42943573,94,99743
974,OutRun,Kavinsky,fr,2013,No,No,120,974,5057,263,76.059104919,36,37315
975,Lonesome Dreams,Lord Huron,us,2012,No,No,107,975,5058,263,75.960594177,24,30708
976,Dude Incredible,Shellac,us,2014,No,No,103,976,5063,263,74.864120483,44,67828
977,On The Line,Jenny Lewis,us,2019,No,No,60,977,5071,263,71.318901062,84,146512
978,Carrion Crawler/The Dream,Thee Oh Sees,us,2011,No,No,129,978,5073,263,77.109443665,60,23048
979,Short Movie,Laura Marling,uk,2015,No,No,103,979,5075,262,73.120895386,104,76669
980,Pale Communion,Opeth,se,2014,No,No,104,980,5080,262,74.847640991,72,61013
981,Coming Home,Leon Bridges,us,2015,No,No,104,981,5082,262,73.146865845,84,82511
982,The Octopus,Amplifier,uk,2011,No,No,130,982,5089,262,76.152549744,15,21372
983,Unknown Mortal Orchestra,Unknown Mortal Orchestra,un,2011,No,No,131,983,5092,262,74.305793762,88,16972
984,A Different Kind Of Fix,Bombay Bicycle Club,uk,2011,No,No,132,984,5104,261,72.378517151,73,18818
985,American Beauty/American Psycho,Fall Out Boy,us,2015,No,No,105,985,5106,261,56.32818985,120,73821
986,Hot Sauce Committee Part Two,Beastie Boys,us,2011,No,No,133,986,5110,260,71.210746765,147,16088
987,Cavalo,Rodrigo Amarante,br,2013,No,No,121,987,5112,260,74.919364929,19,48406
988,Anthem Of The Peaceful Army,Greta Van Fleet,us,2018,No,No,84,988,5119,260,64.460441589,87,139603
989,Shepherd In A Sheepskin Vest,Bill Callahan,us,2019,No,No,61,989,5123,260,74.210876465,70,153110
990,Looping State Of Mind,The Field,se,2011,No,No,134,990,5130,259,76.77306366,63,19344
991,The Blue Hour,Suede,uk,2018,No,No,85,991,5131,259,72.206108093,66,139225
992,Open Your Heart,The Men,us,2012,No,No,108,992,5147,258,74.453155518,108,23174
993,A Mulher Do Fim Do Mundo,Elza Soares,br,2015,No,No,106,993,5148,258,79.646179199,40,87582
994,Hot Dreams,Timber Timbre,ca,2014,No,No,105,994,5152,257,74.610359192,73,58637
995,New Brigade,Iceage,dk,2011,No,No,135,995,5153,257,75.544021606,99,16734
996,A Black Mile To The Surface,Manchester Orchestra,us,2017,No,No,102,996,5158,257,75.046661377,48,119917
997,Country Sleep,Night Beds,us,2013,No,No,122,997,5161,257,75.452201843,18,37784
998,Locked Down,Dr. John,us,2012,No,No,109,998,5177,256,76.946998596,53,23844
999,Mines,Menomena,us,2010,No,No,96,999,5182,256,74.715751648,51,13362
1000,Nothing Great About Britain,Slowthai,uk,2019,No,No,62,1000,5188,255,75.923439026,114,153792
100000,Err:509,,,,,,,,,,,,
